conversation_id_str,created_at,favorite_count,Tweet,id_str,image_url,in_reply_to_screen_name,lang,location,quote_count,reply_count,retweet_count,tweet_url,user_id_str,username
1940387160194273542,Wed Jul 02 12:28:44 +0000 2025,0,Kejagung Geledah DSCC terkait Kasus Korupsi Sritex Sejumlah Dokumen Disita https://t.co/nMvBy9YKlF,1940387160194273542,,,in,,0,0,0,https://x.com/undefined/status/1940387160194273542,132078023,
1940386680592085431,Wed Jul 02 12:26:49 +0000 2025,0,Jaksa yakin dakwaan terhadap tiga korporasi sawit terdakwa korupsi izin ekspor CPO bakal terbukti bila tidak ada suap pada tiga hakim yang mengadili perkara itu. #Polhuk #Kompas60 https://t.co/84BeAwL2I5,1940386680592085431,,,in,,0,0,0,https://x.com/undefined/status/1940386680592085431,255866913,
1940385803521126542,Wed Jul 02 12:23:20 +0000 2025,0,Jaksa yakin dakwaan terhadap tiga korporasi sawit terdakwa korupsi izin ekspor CPO bakal terbukti bila tidak ada suap pada tiga hakim yang mengadili perkara itu. #Polhuk #Kompas60 https://t.co/O1DUdEdNbl,1940385803521126542,,,in,,0,0,0,https://x.com/undefined/status/1940385803521126542,771030588,
1940385184802611213,Wed Jul 02 12:20:53 +0000 2025,0,Kasus Korupsi Pengadaan EDC BRI KPK Geledah Rumah hingga Kantor Perusahaan https://t.co/oVuC78aCZj,1940385184802611213,,,in,,0,0,0,https://x.com/undefined/status/1940385184802611213,1578222594,
1940379030991274407,Wed Jul 02 11:56:26 +0000 2025,0,Korupsi besar-besaran proyek infrastruktur jor-joran giliran utang numpuk rakyat yang menanggung ... https://t.co/IBF2sZAd4O,1940379030991274407,,,in,,0,0,0,https://x.com/undefined/status/1940379030991274407,1906099126464561152,
1940378973302620179,Wed Jul 02 11:56:12 +0000 2025,0,Kejari Ngawi Segel Aset https://t.co/B8Wv0rZY2G https://t.co/tNuat8mutJ,1940378973302620179,https://pbs.twimg.com/media/Gu2cZJGWQAA4_T5.jpg,,in,,0,0,0,https://x.com/undefined/status/1940378973302620179,155169715,
1940374473917530353,Wed Jul 02 11:38:19 +0000 2025,0,Diduga Korupsi Rp3 Miliar Eks Mantri Bank di Klaten Jadi Tersangka dan Ditahan Penetapan tersangka dilakukan Kejari Klaten setelah YRS menjalani pemeriksaan terkait dugaan kasus korupsi Rabu (2/7/2025). https://t.co/XQx4ovcl2P https://t.co/7khDVHuwU1,1940374473917530353,https://pbs.twimg.com/media/Gu2YTJ1W4AASMxe.jpg,,in,,0,0,0,https://x.com/undefined/status/1940374473917530353,155169715,
1940372134267924858,Wed Jul 02 11:29:01 +0000 2025,0,Nah ! Kan @BANKBRI_ID @KPK_RI https://t.co/CRN3Rf6QFC,1940372134267924858,,,in,,0,0,0,https://x.com/undefined/status/1940372134267924858,1759950650169774080,
1940371953224736991,Wed Jul 02 11:28:18 +0000 2025,0,Gubernur Jawa Barat Dedi Mulyadi menyatakan diperlukan evaluasi BUMD setelah kasus dugaan korupsi di PT Migas Utama Jabar hingga Rp 86 2 miliar. #Polhuk #Kompas60 https://t.co/DCiCa8ytkR,1940371953224736991,,,in,,0,0,0,https://x.com/undefined/status/1940371953224736991,771030588,
1940371436452868443,Wed Jul 02 11:26:15 +0000 2025,1,Gubernur Jawa Barat Dedi Mulyadi menyatakan diperlukan evaluasi BUMD setelah kasus dugaan korupsi di PT Migas Utama Jabar hingga Rp 86 2 miliar. #Polhuk #Kompas60 https://t.co/o73Hsn2C1K,1940371436452868443,,,in,,0,0,0,https://x.com/undefined/status/1940371436452868443,255866913,
1940369969654718970,Wed Jul 02 11:20:25 +0000 2025,0,PINTU Siap Beberkan Data Dugaan Korupsi Akusisi PT JN ke KPK https://t.co/g6F4tLgoIa #korupsi #KPK #PTJembatanNusantara #PTPintuKemanaSaja,1940369969654718970,,,in,,0,0,0,https://x.com/undefined/status/1940369969654718970,1349713962472861696,
1940366300074877362,Wed Jul 02 11:05:50 +0000 2025,0,KPK Periksa Saksi Swasta Terkait Kasus Korupsi ASDP Senilai Rp 893 Miliar https://t.co/BlpJiqU0aq via @InvestorID,1940366300074877362,,,in,,0,0,0,https://x.com/undefined/status/1940366300074877362,238091066,
1940365418847227924,Wed Jul 02 11:02:20 +0000 2025,0,Pemerintah terus memperkuat penegakan hukum dengan menangani 16 kasus korupsi besar dan menyita aset Rp915 miliar dalam 9 bulan terakhir menunjukkan komitmen nyata memberantas korupsi hingga ke akar. https://t.co/1ulww4ra7S,1940365418847227924,,,in,,0,0,0,https://x.com/undefined/status/1940365418847227924,1726504833811931136,
1939920021817630973,Wed Jul 02 11:00:42 +0000 2025,0,@imnot_2choice @neohistoria_id tambah di korupsi bego Uang halal aja di makan apalagi yg haram,1940365005276495940,,imnot_2choice,in,,0,0,0,https://x.com/undefined/status/1940365005276495940,1867504958301732864,
1940360157126619386,Wed Jul 02 10:41:26 +0000 2025,0,PT PINTU Siap Bantu KPK Usut Dugaan Korupsi ASDP https://t.co/sgoa7NrgJU,1940360157126619386,,,in,,0,0,0,https://x.com/undefined/status/1940360157126619386,1012174601055449088,
1940358388514451463,Wed Jul 02 10:34:24 +0000 2025,0,Jaksa Sita Uang Rp1 37 Triliun dari Kasus Korupsi Ekspor CPO Jadi Bukti Tambahan di Kasasi https://t.co/kMHgRlTxNc via @Parle COID https://t.co/PHXwg4IwFM,1940358388514451463,https://pbs.twimg.com/media/Gu2JqA0XAAAdXDi.jpg,,in,,0,0,0,https://x.com/undefined/status/1940358388514451463,1859723872070979584,
1940356021970456585,Wed Jul 02 10:25:00 +0000 2025,5,Miris! Korupsi Setya Novanto Bikin Rugi Negara Triliunan Rupiah Hukumannya Malah Makin Ringan https://t.co/a54W9BEEn6,1940356021970456585,,,in,,0,0,1,https://x.com/undefined/status/1940356021970456585,1243804423001763841,
1940354247843008515,Wed Jul 02 10:17:57 +0000 2025,0,Kejari Jakpus bakal Periksa Eks Menkominfo Johnny G Plate terkait Korupsi PDNS https://t.co/VqWhjqJT2j,1940354247843008515,,,in,,0,0,0,https://x.com/undefined/status/1940354247843008515,132078023,
1940352688174276675,Wed Jul 02 10:11:45 +0000 2025,0,https://t.co/nN554kYkBQ https://t.co/PEHK4IVwiH Mahkamah Agung (MA) mengabulkan Peninjauan Kembali (PK) yang diajukan oleh Setya Novanto terpidana kasus korupsi proyek KTP elektronik (e-KTP). #MA #mahkamahagung #SetyaNovanto #korupsi #ipol https://t.co/X9n0IycIfF,1940352688174276675,https://pbs.twimg.com/media/Gu2EajYX0AANTwe.jpg,,in,,0,0,0,https://x.com/undefined/status/1940352688174276675,1407567917537894407,
1940352485677547817,Wed Jul 02 10:10:57 +0000 2025,0,Kejaksaan Agung kembali tunjukkan tumpukan uang sebanyak Rp 1 3 T dari korupsi CPO. #KejakgungRI #korupsi #CPO #Rp1 3T https://t.co/HDByYHDxP9 lewat @Aktual.co.id,1940352485677547817,,,in,,0,0,0,https://x.com/undefined/status/1940352485677547817,1466202437245571073,
1940350989581828415,Wed Jul 02 10:05:00 +0000 2025,1,Kejagung Periksa Pihak Google Indonesia soal Korupsi Chromebook https://t.co/mQggN1AuhH,1940350989581828415,,,in,,1,0,1,https://x.com/undefined/status/1940350989581828415,4187275698,
1940346357694534041,Wed Jul 02 09:46:36 +0000 2025,0,Penampakan Uang Rp1 37 Triliun yang Disita Kejagung dalam Kasus Korupsi Minyak Goreng https://t.co/7VPj1Zev1k https://t.co/eSqfADuD8s,1940346357694534041,https://pbs.twimg.com/media/Gu1-uPxXUAAtrO2.jpg,,in,,0,0,0,https://x.com/undefined/status/1940346357694534041,1864351114294120449,
1940343902009278796,Wed Jul 02 09:36:50 +0000 2025,0,Dalami Korupsi ASDP Dua Swasta Dipanggil ke Gedung Merah Putih https://t.co/iK4i6foX0K,1940343902009278796,,,in,,0,0,0,https://x.com/undefined/status/1940343902009278796,990237626,
1940207676572766557,Wed Jul 02 09:35:48 +0000 2025,0,@tempodotco Looh yg 22 T gimana dulu cerita balikinnya? https://t.co/EgZl4JtqOQ,1940343641069023713,,tempodotco,in,,0,0,0,https://x.com/undefined/status/1940343641069023713,232887930,
1940341248117641528,Wed Jul 02 09:26:18 +0000 2025,0,Penyidik KPK menggeledah rumah pribadi Kepala Dinas PUPR Sumut nonaktif Topan Ginting di Komplek Royals Sumatera Medan Sumatera Utara. #Polhuk #Kompas60 https://t.co/7YcrZXeGYw,1940341248117641528,,,in,,0,0,0,https://x.com/undefined/status/1940341248117641528,255866913,
1940340588584292442,Wed Jul 02 09:23:40 +0000 2025,0,Penyidik KPK menggeledah rumah pribadi Kepala Dinas PUPR Sumut nonaktif Topan Ginting di Komplek Royals Sumatera Medan Sumatera Utara. #Polhuk #Kompas60 https://t.co/lsf3qVYzfD,1940340588584292442,,,in,,0,0,0,https://x.com/undefined/status/1940340588584292442,771030588,
1940338766650187849,Wed Jul 02 09:16:26 +0000 2025,0,Pemkab Purbalingga terus memperkuat komitmennya dalam upaya pencegahan korupsi dengan menggelar Rapat Koordinasi MCSP tahun 2025 pada Rabu (2/7/2025) bertempat di Operation Room Graha Adiguna Setda Purbalingga. https://t.co/2JRxfT785g,1940338766650187849,,,in,,0,0,0,https://x.com/undefined/status/1940338766650187849,2281269853,
1940335339240845725,Wed Jul 02 09:02:49 +0000 2025,0,Terkait Kasus Korupsi Sritex Kejagung Geledah Diamond Solo Convention Center Tim dari Kejaksaan Agung melakukan penggeledahan di Diamond Solo Convention Center Jl Slamet Riyadi Solo terkait dugaan korupsi bos PT Sritex. https://t.co/30x7KAYfFs https://t.co/nAWEtu9eNI,1940335339240845725,https://pbs.twimg.com/media/Gu10tSCXsAAD_Uv.jpg,,in,,0,0,0,https://x.com/undefined/status/1940335339240845725,155169715,
1940270536262906353,Wed Jul 02 09:02:20 +0000 2025,0,@MemeComicIndo Program Makan Bergizi Gratis Dikepung Risiko Korupsi Sistemik Transparency International Indonesia https://t.co/iEiKfv95wk,1940335220156465454,,MemeComicIndo,in,,0,0,0,https://x.com/undefined/status/1940335220156465454,1826508807822082048,
1940333853153042636,Wed Jul 02 08:56:54 +0000 2025,0,Kejagung Sita Uang Rp1 3 Triliun dari Tersangka Korporasi Korupsi CPO https://t.co/kNY098Sg8v,1940333853153042636,,,in,,0,0,0,https://x.com/undefined/status/1940333853153042636,1012174601055449088,
1940333540312260634,Wed Jul 02 08:55:40 +0000 2025,0,Kasus Korupsi Ekspor CPO Kejagung Sita Rp1 3 Triliun https://t.co/aGD56RmAAL,1940333540312260634,,,in,,0,0,0,https://x.com/undefined/status/1940333540312260634,1578222594,
1940330873888596468,Wed Jul 02 08:45:04 +0000 2025,0,KPK Cekal Mantan Wadirut BRI dan Dirut Allo Bank Terkait Kasus Korupsi Mesin EDC https://t.co/8GPDxkSmJI,1940330873888596468,,,in,,0,0,0,https://x.com/undefined/status/1940330873888596468,552523769,
1940326435954004260,Wed Jul 02 08:27:26 +0000 2025,0,Penampakan Uang Rp1 37 Triliun Sitaan Kejagung dari Kasus Korupsi CPO Barang bukti uang itu merupakan penyerahan dari dua perusahaan sawit PT Permata Hijau Group dan PT Musim Mas Group. https://t.co/h0LwWR9fXK https://t.co/BvPyix2rpl,1940326435954004260,https://pbs.twimg.com/media/Gu1snF1XQAEA-xz.jpg,,in,,0,0,0,https://x.com/undefined/status/1940326435954004260,155169715,
1940325954103935180,Wed Jul 02 08:25:31 +0000 2025,0,KPK Siap Telusuri Dugaan Korupsi Lain di Sumut usai Jerat Topan Ginting Anak Buah Bobby Nasution https://t.co/YDjdOL6jBi,1940325954103935180,,,in,,0,0,0,https://x.com/undefined/status/1940325954103935180,1578222594,
1940325528562749805,Wed Jul 02 08:23:50 +0000 2025,0,Kasus Korupsi ASDP Diusut KPK PINTU Nyatakan Tak Terlibat Akuisisi https://t.co/LcGyUJ8Y41,1940325528562749805,,,in,,0,0,0,https://x.com/undefined/status/1940325528562749805,132078023,
1940322029884035245,Wed Jul 02 08:09:56 +0000 2025,0,Menteri PUPR Kecewa Bawahan Korupsi! #Beritasatu https://t.co/VM68puFWaQ,1940322029884035245,,,in,,0,0,0,https://x.com/undefined/status/1940322029884035245,1914711022906273792,
1940321558951858342,Wed Jul 02 08:08:03 +0000 2025,0,Kasus Korupsi Pengadaan Mesin EDC KPK Cekal Dirut Allo Bank Indra Utoyo https://t.co/aNesPuf2eM,1940321558951858342,,,in,,0,0,0,https://x.com/undefined/status/1940321558951858342,903229236051247104,
1940315061194789123,Wed Jul 02 07:42:14 +0000 2025,3,Sidang Kasus Korupsi Gula Tom Lembong: Saya Belum Bisa Temukan Kesalahan Saya https://t.co/YR1ziKFYgs,1940315061194789123,,,in,,0,0,0,https://x.com/undefined/status/1940315061194789123,41730943,
1940312692465836373,Wed Jul 02 07:32:49 +0000 2025,0, Kejagung Periksa Marketing Google Terkait Korupsi Pengadaan Laptop Chromebook di Kemendikbudristek Baca di sini: https://t.co/RQlEKjLQci https://t.co/n6pabYQlAM,1940312692465836373,https://pbs.twimg.com/media/Gu1f481XYAAdzBo.jpg,,in,,0,1,0,https://x.com/undefined/status/1940312692465836373,1892081589989085184,
1940308012176142731,Wed Jul 02 07:14:13 +0000 2025,0,Pengacara Bantah Rp2 M yang Disita Jaksa terkait Korupsi Sritex https://t.co/tvospZKnQr,1940308012176142731,,,in,,0,0,0,https://x.com/undefined/status/1940308012176142731,4187275698,
1940307236288700452,Wed Jul 02 07:11:08 +0000 2025,0,Google Akhirnya Diperiksa Soal Dugaan Korupsi Chromebook Ini yang Didalami Kejagung https://t.co/oKaQRx8U8S,1940307236288700452,,,in,,0,0,0,https://x.com/undefined/status/1940307236288700452,41730943,
1940306445431603240,Wed Jul 02 07:08:00 +0000 2025,0,https://t.co/LxjG7c6dMY,1940306445431603240,,,zxx,,0,0,0,https://x.com/undefined/status/1940306445431603240,1321748557,
1940300847424188445,Wed Jul 02 06:59:59 +0000 2025,0,@V3g3L Menteri itu bekerja atas dasar instruksi presiden.. Ini mirip kaya kasus direktur pertamina.. Dia menjalankan kebijakan atas perintah jokowi tapi faktanya malah ditangkap oleh KPK.. https://t.co/ggjDYKksVZ,1940304426746749251,,V3g3L,in,,0,0,0,https://x.com/undefined/status/1940304426746749251,997779086926790656,
1940303094094680350,Wed Jul 02 06:54:41 +0000 2025,19,Dirut Allo Bank Indra Utoyo Dicegah KPK ke Luar Negeri Terkait Kasus Korupsi Mesin EDC https://t.co/ez4Em4saMH,1940303094094680350,,,in,,2,1,2,https://x.com/undefined/status/1940303094094680350,990237626,
1940302850820800935,Wed Jul 02 06:53:43 +0000 2025,0,Mahfud MD Beri Catatan Atas Pemberantasan Korupsi di 9 Bulan Pemerintahan Prabowo https://t.co/JXg5Ps6TXn https://t.co/OOLbSeo9Em,1940302850820800935,https://pbs.twimg.com/media/Gu1XJ1jXkAAPDYp.jpg,,in,,0,0,0,https://x.com/undefined/status/1940302850820800935,1087362683366649856,
1940302023116955723,Wed Jul 02 06:50:26 +0000 2025,2,Kasus Korupsi Laptop Manajer ChromeOS Indonesia Diperiksa Kejagung https://t.co/3d1yaTL1Zi,1940302023116955723,,,in,,0,0,0,https://x.com/undefined/status/1940302023116955723,132078023,
1939968752784654458,Wed Jul 02 06:34:30 +0000 2025,0,@txtdrimedia kalau ini gak di hukum mati maka perang lawan korupsi blum jalan pak @prabowo,1940298017372066013,,txtdrimedia,in,,0,0,0,https://x.com/undefined/status/1940298017372066013,1147133785944674305,
1940296941453418848,Wed Jul 02 06:30:14 +0000 2025,0,Bobby Nasution mengaku telah mengingatkan jajarannya untuk tidak melakukan tindakan-tindakan yang dapat merugikan masyarakat termasuk korupsi. Selengkapnya di https://t.co/L0u1hCOThy https://t.co/40xMcFcgyE,1940296941453418848,https://pbs.twimg.com/media/Gu1Q3GyW8AA7DBj.jpg,,in,,0,0,0,https://x.com/undefined/status/1940296941453418848,1382213818370039808,
1940292599807713601,Wed Jul 02 06:12:59 +0000 2025,0,Direktur Indonesia Political Review Iwan Setiawan mendorong Komisi Pemberantasan Korupsi (KPK) segera memanggil Gubernur Sumatera Utara Bobby Nasution. https://t.co/sgrQsebkX2 #KPK #bobbynasution #IwanSetiawan #IPR #KorupsiPUPR #KorupsiSumut,1940292599807713601,,,in,,0,0,0,https://x.com/undefined/status/1940292599807713601,1183693365449084928,
1940290817777602993,Wed Jul 02 06:05:54 +0000 2025,0,Kejari Bandung Telusuri Aliran Dana Korupsi Rp86 Miliar terkait MUJ https://t.co/M8UA8cWyjm,1940290817777602993,,,in,,0,0,0,https://x.com/undefined/status/1940290817777602993,1578222594,
1940290576387383658,Wed Jul 02 06:04:56 +0000 2025,1,https://t.co/HT9KtMCSN0 JurnalPatroliNews Jakarta Mahkamah Agung (MA) mengabulkan permohonan Peninjauan Kembali (PK) yang diajukan mantan Ketua DPR RI Setya Novanto dalam kasus korupsi proyek KTP elektronik. Vonis hukuman terhadap Setnov kini dikurangi dari 15 tahun menjadi,1940290576387383658,,,in,,0,1,0,https://x.com/undefined/status/1940290576387383658,1507307226058223618,
1940290112065282215,Wed Jul 02 06:03:06 +0000 2025,1,https://t.co/IRRPo5Gx4r JurnalPatroliNews Jakarta Komisi Pemberantasan Korupsi (KPK) kembali menjadwalkan pemeriksaan terhadap dua individu dari sektor swasta dalam rangka penyelidikan dugaan gratifikasi dalam pengadaan barang dan jasa di Majelis Permusyawaratan Rakyat (MPR),1940290112065282215,,,in,,0,1,0,https://x.com/undefined/status/1940290112065282215,1507307226058223618,
1940290002555908264,Wed Jul 02 06:02:40 +0000 2025,0,Terseret Kasus Korupsi di BRI Ini Kata Bos Allo Bank https://t.co/VrICao4cAS,1940290002555908264,,,in,,0,0,0,https://x.com/undefined/status/1940290002555908264,262026799,
1940286984838172735,Wed Jul 02 05:50:40 +0000 2025,0,Kasus Korupsi Chromebook Strategic Partner Manager Chrome OS Masih Diperiksa Kejagung https://t.co/Oy1Kbt4Xuj,1940286984838172735,,,in,,0,0,0,https://x.com/undefined/status/1940286984838172735,1578222594,
1940281198204563656,Wed Jul 02 05:27:40 +0000 2025,1,https://t.co/ykmI0JcVO4 JurnalPatroliNews Jakarta Komisi Pemberantasan Korupsi (KPK) masih aktif melakukan penyisiran di sejumlah lokasi yang diduga menyimpan bukti dalam perkara dugaan suap terkait proyek infrastruktur jalan yang melibatkan Dinas Pekerjaan Umum dan Penataan,1940281198204563656,,,in,,0,1,0,https://x.com/undefined/status/1940281198204563656,1507307226058223618,
1940276130889785616,Wed Jul 02 05:07:32 +0000 2025,0,Para koruptor yang didominasi oleh pejabat negara menyimpan uang hasil korupsinya mulai dari menyimpan uang miliaran rupiah di lemari hingga menyewa rumah. https://t.co/7iOyJySFhV,1940276130889785616,,,in,,0,0,0,https://x.com/undefined/status/1940276130889785616,1666299675329298433,
1940030874487030085,Wed Jul 02 04:36:01 +0000 2025,0,@logos_id merangkul dan berpegang tangan saling menutupi kasus korupsi agar semuanya senang,1940268198160638284,,logos_id,in,,0,0,0,https://x.com/undefined/status/1940268198160638284,1048255439979261952,
1940268134650220674,Wed Jul 02 04:35:46 +0000 2025,0,Kejagung Periksa Pihak Google terkait Korupsi Laptop Chromebook https://t.co/EhSi5rO5vu,1940268134650220674,,,in,,0,0,0,https://x.com/undefined/status/1940268134650220674,1578222594,
1940266369368379587,Wed Jul 02 04:28:45 +0000 2025,0,Kejari Kota Bandung menemukan indikasi aliran uang ke pihak tertentu dalam kasus korupsi di PT Migas Utama Jabar yang diduga merugikan negara hingga Rp 86 2 miliar. #Polhuk #Kompas60 https://t.co/FH15woLybE,1940266369368379587,,,in,,0,0,0,https://x.com/undefined/status/1940266369368379587,771030588,
1940265756001698151,Wed Jul 02 04:26:19 +0000 2025,0,Kejari Kota Bandung menemukan indikasi aliran uang ke pihak tertentu dalam kasus korupsi di PT Migas Utama Jabar yang diduga merugikan negara hingga Rp 86 2 miliar. #Polhuk #Kompas60 https://t.co/hHq5zsK2CW,1940265756001698151,,,in,,0,0,0,https://x.com/undefined/status/1940265756001698151,255866913,
1940259547266027712,Wed Jul 02 04:01:39 +0000 2025,0,https://t.co/1a8xumevOF,1940259547266027712,,,zxx,,0,0,0,https://x.com/undefined/status/1940259547266027712,1897602862743719937,
1940259184370708857,Wed Jul 02 04:00:12 +0000 2025,0,Nurhadi sempat menjabat sebagai Sekretaris Mahkamah Agung (MA) selama 5 tahun lamanya. Namun saat mengemban amanah itu ia terlibat kasus korupsi hingga dijebloskan ke penjara. https://t.co/sTZtgBl9qh,1940259184370708857,,,in,,0,0,0,https://x.com/undefined/status/1940259184370708857,1666299675329298433,
1940254356315701307,Wed Jul 02 03:41:01 +0000 2025,0,Baru Bebas Eks Sekretaris MA Nurhadi Kembali Ditangkap KPK atas Kasus TPPU https://t.co/jY4DhY9Svw #korupsi,1940254356315701307,,,in,,0,0,0,https://x.com/undefined/status/1940254356315701307,1747432245655478272,
1940254023988498500,Wed Jul 02 03:39:42 +0000 2025,0,Kejagung Geledah Rumah Bos Sritex Temukan Miliaran Rupiah dalam Plastik Bergambar Kartun Disney https://t.co/SV0FeAVWys #korupsi,1940254023988498500,,,in,,0,0,0,https://x.com/undefined/status/1940254023988498500,1747432245655478272,
1940253618214727818,Wed Jul 02 03:38:05 +0000 2025,0,Manajemen PT Bank Rakyat Indonesia (Persero) Tbk (BBRI) buka suara terkait kasus dugaan korupsi dalam pengadaan mesin electronic data capture (EDC). https://t.co/vgqqPoYAvp #kasuskorupsi #mesinedc #bankbumn #komisipemberantasankorupsi,1940253618214727818,,,in,,0,0,0,https://x.com/undefined/status/1940253618214727818,1450957656,
1940245938854907977,Wed Jul 02 03:07:34 +0000 2025,0,Bekas Sekretaris MA Nurhadi baru sekejap menghirup udara bebas karena langsung ditangkap lagi oleh Komisi Pemberantasan Korupsi. Mengapa hal ini terjadi? #KompasBrief #Kompas60 https://t.co/fsdbXW92KH,1940245938854907977,,,in,,0,0,0,https://x.com/undefined/status/1940245938854907977,79237556,
1940245710995161261,Wed Jul 02 03:06:40 +0000 2025,0,Bekas Sekretaris MA Nurhadi baru sekejap menghirup udara bebas karena langsung ditangkap lagi oleh Komisi Pemberantasan Korupsi. Mengapa hal ini terjadi? #KompasBrief #Kompas60 https://t.co/cjiuZo5ZfQ,1940245710995161261,,,in,,0,0,0,https://x.com/undefined/status/1940245710995161261,255866913,
1940245535077855716,Wed Jul 02 03:05:58 +0000 2025,0,Update! Sidang Lanjutan Tom Lembong di Kasus Korupsi Impor Gula https://t.co/CEXdx56wZR,1940245535077855716,,,in,,0,0,0,https://x.com/undefined/status/1940245535077855716,1854509563611070464,
1940245473098392035,Wed Jul 02 03:05:43 +0000 2025,0,Bekas Sekretaris MA Nurhadi baru sekejap menghirup udara bebas karena langsung ditangkap lagi oleh Komisi Pemberantasan Korupsi. Mengapa hal ini terjadi? #KompasBrief #Kompas60 https://t.co/cNdBKYCQlB,1940245473098392035,,,in,,0,0,0,https://x.com/undefined/status/1940245473098392035,771030588,
1940244541090521221,Wed Jul 02 03:02:01 +0000 2025,0,Bekas Sekretaris MA Nurhadi baru sekejap menghirup udara bebas karena langsung ditangkap lagi oleh Komisi Pemberantasan Korupsi. Mengapa hal ini terjadi? #Polhuk #Kompas60 https://t.co/R1calaMZVb,1940244541090521221,,,in,,0,0,0,https://x.com/undefined/status/1940244541090521221,255866913,
1940243702355579137,Wed Jul 02 02:58:41 +0000 2025,0,Bekas Sekretaris MA Nurhadi baru sekejap menghirup udara bebas karena langsung ditangkap lagi oleh Komisi Pemberantasan Korupsi. Mengapa hal ini terjadi? #Polhuk #Kompas60 https://t.co/dKfrywpD0b,1940243702355579137,,,in,,0,0,0,https://x.com/undefined/status/1940243702355579137,771030588,
1940243250155307456,Wed Jul 02 02:56:53 +0000 2025,0,Mahkamah Agung (MA) resmi menolak permohonan kasasi yang diajukan oleh pengusaha Harvey Moeis dalam perkara korupsi pengelolaan timah senilai Rp 300 triliun. https://t.co/OAzI4wQczo https://t.co/2oXbcfGTgi,1940243250155307456,https://pbs.twimg.com/media/Gu0gwtaXsAAezbe.jpg,,in,,0,1,0,https://x.com/undefined/status/1940243250155307456,1632999922587893762,
1940240840955420953,Wed Jul 02 02:47:19 +0000 2025,3,Lihat nih min Kota auto pilot berulah @txtdaritng https://t.co/OmmgimoCu4,1940240840955420953,,,in,,0,0,1,https://x.com/undefined/status/1940240840955420953,556830534,
1940233947105153249,Wed Jul 02 02:19:55 +0000 2025,11,Tidak ada proyek unggulan lain apa? Proyek unggulan MBG. Berbagai lembaga bilang ini proyek korupsi. Proyek unggulan yg aneh 1/7/2025: TI Indonesia Endus Dugaan Korupsi Proyek MBG Picu Kerugian Negara Segini! https://t.co/qLG63ztvUx #NabiPalsuIslamphobia #NabiPalsuIslamphobia,1940233947105153249,,,in,,0,0,11,https://x.com/undefined/status/1940233947105153249,1604064608913723394,
1940233917463998849,Wed Jul 02 02:19:48 +0000 2025,0,https://t.co/6RsOaM4qnx,1940233917463998849,,,zxx,,0,0,0,https://x.com/undefined/status/1940233917463998849,75956147,
1940233457357266980,Wed Jul 02 02:17:58 +0000 2025,0,Kami pandang @KejaksaanRI (Jamwas) Harus turun tangan dalam perkara ini !! https://t.co/P7L82bpaiN https://t.co/1Ktkj1PBPV,1940233457357266980,https://pbs.twimg.com/media/Gu0YClUXkAANl7m.jpg,,in,,0,0,0,https://x.com/undefined/status/1940233457357266980,1083301516646133760,
1939171595110752495,Wed Jul 02 02:08:34 +0000 2025,0,@neohistoria_id Enak aja . G akan dengar namanya korupsi begal rampok . Sejahtera kerjaan ada. Kehidupan nyaman.,1940231090838675694,,neohistoria_id,in,,0,0,0,https://x.com/undefined/status/1940231090838675694,1794684387830964224,
1940226523409043804,Wed Jul 02 01:50:25 +0000 2025,0,Kasus Dugaan Korupsi Chromebook: Kejagung Periksa 6 Saksi Termasuk Staf Khusus Menteri https://t.co/tacoOhGjzN,1940226523409043804,,,in,,0,0,0,https://x.com/undefined/status/1940226523409043804,1578222594,
1940215485452493121,Wed Jul 02 01:06:33 +0000 2025,1,Usai Dirut Diperiksa PT Pintu Kemana Saja Ngaku Siap Bantu KPK Usut Korupsi di ASDP https://t.co/50v4FHW5Au,1940215485452493121,,,in,,0,0,0,https://x.com/undefined/status/1940215485452493121,41730943,
1940205912041693634,Wed Jul 02 00:28:31 +0000 2025,24,Dari semula kerugian negara dalam kasus korupsi minyak mentah disampaikan Rp 193 7 triliun tim Jampidsus hanya mampu menyita aset kurang Rp 1 triliun. https://t.co/W1x7vPSOFj,1940205912041693634,,,in,,3,3,6,https://x.com/undefined/status/1940205912041693634,22126902,
1940200123037839514,Wed Jul 02 00:05:31 +0000 2025,0,Korupsi Pasar Jelok Boyo https://t.co/7Ce273vaSD https://t.co/YIq2Nq3mFT,1940200123037839514,https://pbs.twimg.com/media/Guz5urYWIAAb08G.jpg,,in,,0,0,0,https://x.com/undefined/status/1940200123037839514,155169715,
1940156451055706473,Tue Jul 01 21:11:58 +0000 2025,0,Khofifah Siap Penuhi Panggilan KPK Terkait Dugaan Korupsi Dana Hibah Jatim https://t.co/KjjB03Zpmj,1940156451055706473,,,in,,0,0,0,https://x.com/undefined/status/1940156451055706473,1700208052811739138,
1940123984491954202,Tue Jul 01 19:02:58 +0000 2025,0,Soal Korupsi Impor Gula Tim Lembong Ungkap Peran Jokowi Telepon hingga Pertemuan Empat mata https://t.co/ElHqZZxybb,1940123984491954202,,,in,,0,0,0,https://x.com/undefined/status/1940123984491954202,1238486702550728706,
1940096082526314753,Tue Jul 01 17:12:05 +0000 2025,0,https://t.co/OMLGpbdnH0 JurnalPatroliNews Jakarta Kejaksaan Agung RI melalui tim penyidik di bawah Direktorat Penyidikan Jaksa Agung Muda Tindak Pidana Khusus (JAM PIDSUS) memeriksa enam orang saksi yang diduga memiliki keterkaitan dalam perkara korupsi,1940096082526314753,,,in,,0,0,0,https://x.com/undefined/status/1940096082526314753,1507307226058223618,
1940094897387971010,Tue Jul 01 17:07:23 +0000 2025,3,Kerugian Negara Korupsi Pengadaan Mesin EDC BRI Capai Rp700 Miliar @BANKBRI_ID #bankBRI #BRI #korupsi #korupsimesinEDC https://t.co/BS3Gi1hnNH,1940094897387971010,,,in,,0,0,0,https://x.com/undefined/status/1940094897387971010,1899398008418217984,
1940085494500794718,Tue Jul 01 16:30:01 +0000 2025,0,https://t.co/E4bmXNQo6X JurnalPatroliNews Sukoharjo Tim penyidik dari Direktorat Penyidikan Jaksa Agung Muda Tindak Pidana Khusus (JAM,1940085494500794718,,,in,,0,0,0,https://x.com/undefined/status/1940085494500794718,1507307226058223618,
1940084773592183080,Tue Jul 01 16:27:09 +0000 2025,0,https://t.co/pza3nWv1Q0 JurnalPatroliNews Jakarta Komisi Pemberantasan Korupsi (KPK) mendapat sorotan tajam menyusul Operasi Tangkap Tangan,1940084773592183080,,,in,,0,0,0,https://x.com/undefined/status/1940084773592183080,1507307226058223618,
1940067629970145707,Tue Jul 01 15:19:02 +0000 2025,3,Komisi Pemberantasan Korupsi (KPK) telah mengajukan pencegahan ke luar negeri terhadap 13 orang ke Ditjen Imigrasi untuk mengusut dugaan korupsi pengadaan mesin EDC Bank Rakyat Indonesia (BRI) atau BBRI. https://t.co/jhbAj07fab,1940067629970145707,,,in,,0,0,1,https://x.com/undefined/status/1940067629970145707,1186946650595418116,
1940064979803418989,Tue Jul 01 15:08:30 +0000 2025,0,5 Catatan Sri Mulyani Atas APBN Terakhir Era Jokowi Sorot Isu Pajak https://t.co/wjY1dEFdLo. #Segeradisita harta hasil korupsi di Pertamina untuk menutupi defisit APBN persemester 2025 +/- Rp. 204 Triliun.,1940064979803418989,,,in,,0,0,0,https://x.com/undefined/status/1940064979803418989,129068979,
1940057789478707569,Tue Jul 01 14:39:56 +0000 2025,0,Kerugian Negara Ditaksir Sebesar Rp 700 Miliar akibat Korupsi EDC BRI https://t.co/F87ivjSLu7 via @InvestorID,1940057789478707569,,,in,,0,0,0,https://x.com/undefined/status/1940057789478707569,238091066,
1940057398657294435,Tue Jul 01 14:38:23 +0000 2025,0,Guna melacak uang hasil korupsi KPK telah menyita lahan kelapa sawit apartemen hingga rumah milik Nurhadi. #Polhuk #Kompas60 https://t.co/TdtbNysy3c,1940057398657294435,,,in,,0,0,0,https://x.com/undefined/status/1940057398657294435,771030588,
1940056986273333410,Tue Jul 01 14:36:44 +0000 2025,1,Guna melacak uang hasil korupsi KPK telah menyita lahan kelapa sawit apartemen hingga rumah milik Nurhadi. #Polhuk #Kompas60 https://t.co/ojg5xWQbuX,1940056986273333410,,,in,,0,0,0,https://x.com/undefined/status/1940056986273333410,255866913,
1940048727495848064,Tue Jul 01 14:03:56 +0000 2025,0,Pencegahan ini dilakukan untuk mendukung kelancaran proses penyidikan dugaan korupsi pengadaan laptop Chromebook di Kemendikbud Ristek pada periode 2019 2022 yang menelan anggaran hampir Rp10 triliun.,1940048733044986094,,xvg_id,in,,0,1,0,https://x.com/undefined/status/1940048733044986094,2172050917,
1940045188854161564,Tue Jul 01 13:49:51 +0000 2025,0,Laporan TII Bongkar Potensi Korupsi di Balik Program MBG https://t.co/KHARkYkKCI,1940045188854161564,,,in,,0,0,0,https://x.com/undefined/status/1940045188854161564,990237626,
1940044733897662870,Tue Jul 01 13:48:03 +0000 2025,0,Kejari Magetan Periksa 15 Saksi Dugaan Korupsi Dana Desa Ngariboyo Jilid II Kejari Magetan periksa 15 saksi dalam pengusutan kasus dugaan korupsi Dana Desa Ngariboyo Jilid II tahun anggaran 2020 2021. https://t.co/tiipG46vIW https://t.co/FbJ5oZQOzl,1940044733897662870,https://pbs.twimg.com/media/GuxsZ5RWsAA1jMq.jpg,,in,,1,0,0,https://x.com/undefined/status/1940044733897662870,155169715,
1940043054976835922,Tue Jul 01 13:41:23 +0000 2025,0,Kejagung Geledah Kantor Sritex Terkait Korupsi Fasilitas Kredit https://t.co/SMeKVQzONY,1940043054976835922,,,in,,0,0,0,https://x.com/undefined/status/1940043054976835922,1012174601055449088,
1940038022403391735,Tue Jul 01 13:21:23 +0000 2025,0,Kejaksaan Agung (Kejagung) terus mendalami kasus dugaan korupsi pemberian fasilitas kredit bank kepada PT Sri Rejeki Isman Tbk (Sritex). https://t.co/gsIwIGrFwu https://t.co/c936KfrNou,1940038022403391735,https://pbs.twimg.com/media/GuxmPE4W0AAZQ1G.jpg,,in,,0,1,0,https://x.com/undefined/status/1940038022403391735,1632999922587893762,
1940027916995408350,Tue Jul 01 12:41:14 +0000 2025,0,BEI Cecar BRI Usai KPK Sita Tabungan Rp 2 1 Triliun Terkait Kasus Korupsi EDC https://t.co/AgkxxefUkm,1940027916995408350,,,in,,0,0,0,https://x.com/undefined/status/1940027916995408350,552523769,
1940026665058304285,Tue Jul 01 12:36:15 +0000 2025,0,KPK tengah mengusut proyek pengadaan mesin EDC BRI senilai Rp 2 1 triliun. KPK belum menetapkan tersangka tetapi sudah mencegah 13 orang bepergian ke luar negeri. #Polhuk #Kompas60 https://t.co/VWfmt5Zsjh,1940026665058304285,,,in,,0,0,0,https://x.com/undefined/status/1940026665058304285,255866913,
1940026079910990232,Tue Jul 01 12:33:56 +0000 2025,0,KPK tengah mengusut proyek pengadaan mesin EDC BRI senilai Rp 2 1 triliun. KPK belum menetapkan tersangka tetapi sudah mencegah 13 orang bepergian ke luar negeri. #Polhuk #Kompas60 https://t.co/3xJ2tJo7MG,1940026079910990232,,,in,,0,0,0,https://x.com/undefined/status/1940026079910990232,771030588,
1940019787389960663,Tue Jul 01 12:08:55 +0000 2025,0,Kejagung Telusuri Dugaan Korupsi Pengadaan Chromebook Google Ikut Terseret https://t.co/LxmsxteLqG,1940019787389960663,,,in,,0,0,0,https://x.com/undefined/status/1940019787389960663,1855980773146611712,
1940017547052785900,Tue Jul 01 12:00:01 +0000 2025,24,Serba-Serbi Korupsi: 'Mama Papa Sayang Bobby!' https://t.co/DmVvC0i8wc,1940017547052785900,,,in,,1,5,15,https://x.com/undefined/status/1940017547052785900,1243804423001763841,
1940012213772984574,Tue Jul 01 11:38:50 +0000 2025,0,Kejagung Cegah Nadiem Makarim ke Luar Negeri Terkait Kasus Korupsi Digitalisasi Pendidikan https://t.co/I0Ysq9RjE9,1940012213772984574,,,in,,0,0,0,https://x.com/undefined/status/1940012213772984574,1499977907074383874,
1940010422431875114,Tue Jul 01 11:31:43 +0000 2025,4,Hitungan Sementara KPK Kerugian Negara Korupsi Pengadaan Mesin EDC Capai Rp700 Miliar https://t.co/25sIhMVd3B,1940010422431875114,,,in,,0,1,0,https://x.com/undefined/status/1940010422431875114,990237626,
1940010186267353277,Tue Jul 01 11:30:46 +0000 2025,0,Bantah Terlibat PINTU Bakal Berikan Data ke KPK Terkait Korupsi di ASDP https://t.co/1apXO2ijO1,1940010186267353277,,,in,,0,0,0,https://x.com/undefined/status/1940010186267353277,990237626,
1939999651555680714,Tue Jul 01 11:09:51 +0000 2025,1,@prabowo APBN jangan dipergunakan untuk hal-hal yang Konyol seperti Proyek MBG - Ujung-Ujungnya Korupsi seperti yang dilakukan Pemerintah untuk BLT/Raskin/Serangan Fajar Pemilu/Pilkada/Pilpres - ciptakan saja Lapangan Kerja (Riil) di Dalam Negeri jangan Suruh Rakyat bekerja diLN #hening,1940004922344546759,,asboediono_id,in,,0,0,0,https://x.com/undefined/status/1940004922344546759,780554097388687360,
1939999651555680714,Tue Jul 01 10:59:07 +0000 2025,1,Makan Bergizi Gratis itu Proyek yang tidak membawa dampak Positif kecuali sekedar Pencitraan dan pintu masuk Korupsi berbeda jika Pemerintah berhasil membangun Lapangan Kerja yang peruntukannya bagi Masyarakat - Upah/Gaji membantu Pertumbuhan Ekonomi karena ada Daya Beli #hening,1940002220462023025,,asboediono_id,in,,0,1,1,https://x.com/undefined/status/1940002220462023025,780554097388687360,
1939999701518229797,Tue Jul 01 10:49:17 +0000 2025,0,Jadi mempertontonkan barang sitaan korupsi bukan pamer kekuasaan. Tapi strategi visual yang punya pesan jelas: ️ Hukum tidak bisa dibeli. ️ Tak ada yang kebal hukum. Dapatkan insight bisnis &amp; ebook gratis di Komunitas Consumeri: https://t.co/ckUOVl6KLh https://t.co/j5SkMqcWKf,1939999744727920949,https://pbs.twimg.com/media/GuxDe58WgAA_hPs.jpg,consumeri_id,in,,0,0,0,https://x.com/undefined/status/1939999744727920949,2762631714,
1939999701518229797,Tue Jul 01 10:49:10 +0000 2025,0,2. Efek psikologis bagi publik &amp; pelaku Deretan uang dan barang mewah hasil korupsi dipamerkan untuk menimbulkan efek jera. Sekaligus memuaskan rasa keadilan publik yang selama ini merasa hukum tumpul ke atas . https://t.co/xa2yTCNNLv,1939999716781301971,https://pbs.twimg.com/media/GuxDdOxWMAAsUQd.jpg,consumeri_id,in,,0,1,0,https://x.com/undefined/status/1939999716781301971,2762631714,
1939999701518229797,Tue Jul 01 10:49:06 +0000 2025,0,Kenapa Kejaksaan Agung sengaja mempertontonkan barang sitaan korupsi ke publik? Seperti dalam kasus suap ekspor CPO: uang tunai Rp2 triliun dipajang terang-terangan. Apakah ini sekadar pamer? Ternyata tidak. Ini strategi komunikasi yang terukur. https://t.co/Z7bscDu1gJ,1939999701518229797,https://pbs.twimg.com/media/GuxDcWOX0AAtAow.jpg,,in,,0,1,0,https://x.com/undefined/status/1939999701518229797,2762631714,
1939997416692027523,Tue Jul 01 10:40:02 +0000 2025,6,Kasus Korupsi Sampah Tangsel Kerugian Negara Capai Rp21 6 M https://t.co/mTr8BcGX5q,1939997416692027523,,,in,,1,2,2,https://x.com/undefined/status/1939997416692027523,4187275698,
1939996096979509581,Tue Jul 01 10:34:47 +0000 2025,1, Korupsi di desa bisa dicegah! Peran masyarakat sangat penting untuk memastikan dana desa digunakan dengan benar. Yuk pahami bagaimana caranya! Baca selengkapnya https://t.co/8bZPaQn5Vm #Antikorupsi #DanaDesa #Transparansi #PemerintahanDesa #Usnulverse,1939996096979509581,,,in,,0,0,0,https://x.com/undefined/status/1939996096979509581,3953946133,
1939991075256418316,Tue Jul 01 10:14:50 +0000 2025,0,Perhitungan kerugian itu diterima Kejaksaan Tinggi Provinsi Banten dari tim audit kantor akuntan publik. Korupsi ini pun turut merugikan warga Tangsel. #Metropolitan #Kompas60 https://t.co/YUjkgpKwG6,1939991075256418316,,,in,,0,0,0,https://x.com/undefined/status/1939991075256418316,155456716,
1939988670066393094,Tue Jul 01 10:05:16 +0000 2025,0,Perhitungan kerugian itu diterima Kejaksaan Tinggi Provinsi Banten dari tim audit kantor akuntan publik. Korupsi ini pun turut merugikan warga Tangsel. #Metropolitan #Kompas60 https://t.co/VV4Hom7OpB,1939988670066393094,,,in,,0,0,0,https://x.com/undefined/status/1939988670066393094,79237556,
1939988341870493912,Tue Jul 01 10:03:58 +0000 2025,1,Perhitungan kerugian itu diterima Kejaksaan Tinggi Provinsi Banten dari tim audit kantor akuntan publik. Korupsi ini pun turut merugikan warga Tangsel. #Metropolitan #Kompas60 https://t.co/l9CfM295Pd,1939988341870493912,,,in,,0,0,0,https://x.com/undefined/status/1939988341870493912,255866913,
1939988073963823567,Tue Jul 01 10:02:54 +0000 2025,0,Hoegeng Sosok Kapolri Anti-Korupsi | Republika ID https://t.co/4tD7Yrrhqm,1939988073963823567,,,in,,0,0,1,https://x.com/undefined/status/1939988073963823567,433254827,
1939987559079460884,Tue Jul 01 10:00:51 +0000 2025,0,Mahkamah Agung (MA) menolak kasasi yang diajukan Harvey Moeis terdakwa kasus korupsi tata niaga timah. MA juga menolak kasasi yang diajukan Jaksa Penuntut Umum (JPU). https://t.co/CyF70SrFdl,1939987559079460884,,,in,,0,0,2,https://x.com/undefined/status/1939987559079460884,1501028490279518208,
1939984106462617745,Tue Jul 01 09:47:08 +0000 2025,0,Skandal korupsi yang menyeret Nadiem Makarim memberikan gambaran bahwa anggaran pendidikan punya jangkauan amat luas. Selain perbaikan sistem birokrasi dibutuhkan partisipasi aktif dari masyarakat. https://t.co/etJmwv3kXe,1939984106462617745,,,in,,0,0,0,https://x.com/undefined/status/1939984106462617745,1666303982007111680,
1939982309429526986,Tue Jul 01 09:40:00 +0000 2025,7,'Bobby Nasution Dalam Pusaran Korupsi' https://t.co/ifCrjmvU0p,1939982309429526986,,,in,,1,0,1,https://x.com/undefined/status/1939982309429526986,1243804423001763841,
1939977777085833492,Tue Jul 01 09:21:59 +0000 2025,0,Mahkamah Agung (MA) menolak permohonan kasasi terdakwa Harvey Moeis dalam kasus korupsi pengelolaan tata niaga komoditas timah di wilayah izin usaha pertambangan PT Timah Tbk. https://t.co/xb2pdJIwPK,1939977777085833492,,,in,,0,0,0,https://x.com/undefined/status/1939977777085833492,350668803,
1939974631206592564,Tue Jul 01 09:09:29 +0000 2025,1,Pasca Topan Ginting Ditetapkan Tersangka KPK Geledah Kantor Dinas PUPR Sumut Untuk Pengembangan Jaringan Aliran Dana Korupsi https://t.co/oGfhN6n8Xb,1939974631206592564,,,in,,0,0,0,https://x.com/undefined/status/1939974631206592564,193562253,
1939971047391891686,Tue Jul 01 08:55:15 +0000 2025,0,Usut Dugaan Korupsi Kejari Geledah Rumah Dinas Kalaksana BPBD Pulang Pisau Kalteng https://t.co/SLFd8Blywx,1939971047391891686,,,in,,0,0,0,https://x.com/undefined/status/1939971047391891686,1578222594,
1939970296942842239,Tue Jul 01 08:52:16 +0000 2025,0,KPK Periksa Dua Saksi Swasta Terkait Korupsi ASDP @KPK_RI https://t.co/5fWfYZRwB7,1939970296942842239,,,in,,0,0,0,https://x.com/undefined/status/1939970296942842239,1012174601055449088,
1939969777088291214,Tue Jul 01 08:50:12 +0000 2025,0,Usut Dugaan Korupsi Kejari Geledah Rumah Dinas Kalaksana BPBD Pulau Pisau Kalteng https://t.co/w8jmeQTfIX,1939969777088291214,,,in,,0,0,0,https://x.com/undefined/status/1939969777088291214,1578222594,
1939687408498577572,Tue Jul 01 08:41:39 +0000 2025,0,@keuangannews_id @keuangan Perang Iran-Israel termasuk genosida Palestina adalah upaya setanyahu mengalihkan perhatian dari pengadilan atas dugaan korupsi yg dia lakukan. Setan memang tidak pernah membusuk sendirian di neraka,1939967624571437162,,keuangannews_id,in,,0,0,0,https://x.com/undefined/status/1939967624571437162,1585423974661398528,
1939967590765396150,Tue Jul 01 08:41:31 +0000 2025,1,Komisi Pemberantasan Korupsi (KPK) kembali melakukan penangkapan terhadap mantan Sekretaris Mahkamah Agung Nurhadi pada Minggu malam (29/6) usai dibebaskan dari Lapas Sukamiskin. https://t.co/6Ph0Zqe01i,1939967590765396150,https://pbs.twimg.com/media/GuwmPFjXwAE462T.jpg,,in,,0,0,0,https://x.com/undefined/status/1939967590765396150,1382213818370039808,
1939965057082790271,Tue Jul 01 08:31:27 +0000 2025,0,Bobby Ngaku Siap Jika Dipanggil KPK Soal Kasus Korupsi Proyek Jalan di Sumatera Utara https://t.co/pDLrBCVVXp,1939965057082790271,,,in,,0,0,0,https://x.com/undefined/status/1939965057082790271,1642086860188180481,
1939854138571166007,Tue Jul 01 08:26:51 +0000 2025,0,@keuangannews_id @keuangan Sarang korupsi ya di kementrian agama.,1939963899933061264,,keuangannews_id,in,,0,0,0,https://x.com/undefined/status/1939963899933061264,823857461635362816,
1939963416463966251,Tue Jul 01 08:24:55 +0000 2025,0,Bantah Narasi Hambat Ekonomi KPK: Pengusutan Korupsi EDC di BRI Selaras Asta Cita #hukum #bri https://t.co/wuIrFe5JRp,1939963416463966251,,,in,,0,0,0,https://x.com/undefined/status/1939963416463966251,238091066,
1939963199685570780,Tue Jul 01 08:24:04 +0000 2025,0,MA Tolak Kasasi Harvey Moeis Tetap Mendekam di Penjara Selama 20 Tahun #hukum #korupsi https://t.co/ww4f3oqrMI,1939963199685570780,,,in,,0,0,1,https://x.com/undefined/status/1939963199685570780,238091066,
1939961565077238256,Tue Jul 01 08:17:34 +0000 2025,0,Kejagung Panggil Perwakilan Google terkait Kasus Korupsi Chromebook di Kemendikbud https://t.co/o5PtnWO3SO,1939961565077238256,,,in,,0,0,0,https://x.com/undefined/status/1939961565077238256,132078023,
1939951511506690420,Tue Jul 01 07:37:37 +0000 2025,0,Dugaan Korupsi Laptop Kemendikbud Kejagung Panggil Google https://t.co/RUCeu5cufN,1939951511506690420,,,in,,0,0,0,https://x.com/undefined/status/1939951511506690420,1012174601055449088,
1939946818323832888,Tue Jul 01 07:18:58 +0000 2025,0,https://t.co/wX2cXiMGiz JurnalPatroliNews Jakarta Pengusaha money changer Helena Lim harus tetap menjalani hukuman 10 tahun penjara setelah Mahkamah Agung (MA) menolak permohonan kasasinya dalam perkara mega korupsi pengelolaan timah yang merugikan,1939946818323832888,,,in,,0,0,0,https://x.com/undefined/status/1939946818323832888,1507307226058223618,
1939945501337526728,Tue Jul 01 07:13:44 +0000 2025,15,Adik Kandung Prabowo Akui Terima Laporan Korupsi MBG Setiap Hari https://t.co/mVATMcCvDj,1939945501337526728,,,in,,3,14,5,https://x.com/undefined/status/1939945501337526728,990237626,
1939945341853274416,Tue Jul 01 07:13:06 +0000 2025,0,Penampakan Uang Rp231 Juta Hasil OTT KPK di Kasus Dugaan Korupsi PUPR Sumut https://t.co/uRpvCT4vsM,1939945341853274416,,,in,,0,0,0,https://x.com/undefined/status/1939945341853274416,1903844404550684672,
1939944500605948065,Tue Jul 01 07:09:46 +0000 2025,5,WALAAAH KPK lakukan OTT terhadap Direktur PT DNG Akhirun bersama dengan sejumlah orang lainnya terkait korupsi proyek jalan. Akhirun ternyata Bendahara Golkar Tapsel. https://t.co/SBWWGn80Ds #MusaRajekshah #Ijeck #OTTKPK #BendaharaGolkarTapsel #KadisPUPRSumut https://t.co/5u6Ft8Va31,1939944500605948065,https://pbs.twimg.com/amplify_video_thumb/1939943642954665984/img/A3liOoS9my_5MFxP.jpg,,in,,0,1,2,https://x.com/undefined/status/1939944500605948065,1613441633735020545,
1939940333363614037,Tue Jul 01 06:53:12 +0000 2025,0,Setelah @infobankbjb sekarang giliran @BANKBRI_ID yang kena kasus korupsi. Kali ini soal pengadaan EDC dari tahun 2020-2024 dengan nilai 2 1T. Kita lihat siapa saja pejabat internal yang terjerat. Juga acungi jempol buat @KPK_RI!,1939940333363614037,,,in,,0,0,0,https://x.com/undefined/status/1939940333363614037,135413212,
1939934187659636972,Tue Jul 01 06:28:47 +0000 2025,0,Nadiem diperiksa atas dugaan kasus korupsi pengadaan laptop Chromebook. Sebelumnya Kejagung telah me... https://t.co/TdIsvoHbrL,1939934187659636972,,,in,,0,0,0,https://x.com/undefined/status/1939934187659636972,1747201674723332096,
1939932869264048312,Tue Jul 01 06:23:32 +0000 2025,0,[BERITA KPK] KPK menyelenggarakan Rapat Koordinasi Pencegahan Korupsi Pelayanan Publik Sektor Pendidikan secara daring pada Rabu (25/6) bersama jajaran pelaksana pendidikan di lingkungan Kanwil Kementerian Agama Provinsi Kalimantan Tengah. (1/4) https://t.co/hvxMFKrAtW https://t.co/snNqjqW2SM,1939932869264048312,https://pbs.twimg.com/media/GuwGpuiXAAAE5V_.jpg,,in,,0,1,1,https://x.com/undefined/status/1939932869264048312,104714478,
1939924689989566832,Tue Jul 01 05:51:02 +0000 2025,2,REKOR! Jika Nadiem Jadi Tersangka Ada 9 Menteri Era Jokowi Terjerat Korupsi: 'Terbanyak Sejak Reformasi' @mohmahfudmd @AbrSamad @PutunMy @STresnowati1 @CAMERALIVE6849 https://t.co/bPiE1fxeSu,1939924689989566832,,,in,,0,1,2,https://x.com/undefined/status/1939924689989566832,207412269,
1939924427816280161,Tue Jul 01 05:50:00 +0000 2025,50,TI Indonesia Endus Dugaan Korupsi Proyek MBG Picu Kerugian Negara Segini! https://t.co/7CLWyZ2ZOL,1939924427816280161,,,in,,2,3,32,https://x.com/undefined/status/1939924427816280161,1243804423001763841,
1939909629427032262,Tue Jul 01 04:51:12 +0000 2025,0,Komisi Pemberantasan Korupsi (KPK) tengah menyelidiki dugaan korupsi dalam proyek pengadaan mesin Electronic Data Capture (EDC) di Bank Rakyat Indonesia (BRI) dengan nilai mencapai Rp2 1 triliun. https://t.co/oRqtKwQNLG https://t.co/rxRZykvYmN,1939909629427032262,https://pbs.twimg.com/media/GuvxfojWYAA6ZzI.jpg,,in,,0,1,0,https://x.com/undefined/status/1939909629427032262,1632999922587893762,
1939907980235047025,Tue Jul 01 04:44:38 +0000 2025,3,Luarbiasa negeri pada bedebah ini. Tak habis-habis kasus korupsi. Merajalela dimana-mana. https://t.co/RLN4JwmMCp,1939907980235047025,,,in,,0,0,0,https://x.com/undefined/status/1939907980235047025,1113325134645846016,
1939907601543868499,Tue Jul 01 04:43:08 +0000 2025,0,Korupsi Dana Hibah Jatim KPK Sita Lahan Bekas Peternakan Sapi https://t.co/alQOWJ6Smi,1939907601543868499,,,in,,0,0,0,https://x.com/undefined/status/1939907601543868499,1012174601055449088,
1939874713117106666,Tue Jul 01 04:35:06 +0000 2025,0,@kompascom astaghfirullah punya presiden kok cuma omon-omon https://t.co/UxprQoj3Xm https://t.co/EX3WLpGWYS. https://t.co/1N9IpfS7Jm,1939905580451385814,,kompascom,in,,0,0,0,https://x.com/undefined/status/1939905580451385814,39075452,
1939904635713855573,Tue Jul 01 04:31:21 +0000 2025,0,Jika Bobby Nasution Tak Diperiska dalam Dugaan Korupsi Jalan Sumut MAKI Ancam Gugat KPK! https://t.co/Hpb2jLUY9L #RadarJabar #BobbyNasution #KPK #Korupsi #MAKI #SumateraUtara #KorupsiJalan #GubernurSumut,1939904635713855573,,,in,,0,0,0,https://x.com/undefined/status/1939904635713855573,1892054019734110208,
1939902279475478793,Tue Jul 01 04:21:59 +0000 2025,0,Terlibat Kasus Korupsi Mbak Ita JPU Tuntut Ketua Gapensi Semarang 5 Tahun 2 Bulan Penjara #HevearitaGunaryantiRahayu #AlwinBasri #KetuaGapensiSemarang #SidangMbaIta https://t.co/t4gxOmkLUi,1939902279475478793,,,in,,0,0,0,https://x.com/undefined/status/1939902279475478793,1177104115148578816,
1939827475804291218,Mon Jun 30 23:24:45 +0000 2025,3,Korupsi Pengadaan EDC Bank BRI Rp 2 1 Triliun Duit Siapa Nasabah Alias Rakyat ? https://t.co/9H7JQbrUk8,1939827475804291218,,,in,,0,0,2,https://x.com/undefined/status/1939827475804291218,1454008204027854853,
1939820642012209631,Mon Jun 30 22:57:35 +0000 2025,0,https://t.co/KYeHIXF8RV https://t.co/PEHK4IVwiH - Komisi Pemberantasan Korupsi (KPK) didesak segera memeriksa Gubernur Sumatera Utara (Sumut) Bobby Nasution. #KPK #bobbynasution #bobby #sumut #PUPR #korupsi #ipol https://t.co/KMHx4LkQ7a,1939820642012209631,https://pbs.twimg.com/media/GuugbI_agAAWmsF.jpg,,in,,0,0,0,https://x.com/undefined/status/1939820642012209631,1407567917537894407,
1939772468404920815,Mon Jun 30 19:46:10 +0000 2025,1,Mantan Sekretaris Mahkamah Agung (MA) Nurhadi Abdurrachman kembali ditangkap Komisi Pemberantasan Korupsi (KPK) setelah baru saja bebas menjalani hukuman di kasus suap dan gratifikasi. https://t.co/lJHZAkgtUU,1939772468404920815,,,in,,0,0,1,https://x.com/undefined/status/1939772468404920815,47402697,
1939715573765787708,Mon Jun 30 16:00:05 +0000 2025,0,https://t.co/Rok8ty84NL JurnalPatroliNews Jakarta Komisi Pemberantasan Korupsi (KPK) mengungkap kronologi lengkap operasi tangkap tangan,1939715573765787708,,,in,,0,0,0,https://x.com/undefined/status/1939715573765787708,1507307226058223618,
1939715342168985833,Mon Jun 30 15:59:10 +0000 2025,0,https://t.co/k7g4SKQULP JurnalPatroliNews Jakarta Lembaga Studi Anti Korupsi (LSAK) meyakini bahwa dugaan tindak pidana korupsi dalam proyek,1939715342168985833,,,in,,0,0,0,https://x.com/undefined/status/1939715342168985833,1507307226058223618,
1939708052984500732,Mon Jun 30 15:30:12 +0000 2025,0,Sumber: https://t.co/lcckmfAslR https://t.co/SEcr76qRCv,1939708052984500732,,,en,,0,0,0,https://x.com/undefined/status/1939708052984500732,1027203563615793152,
1939705510468727092,Mon Jun 30 15:20:06 +0000 2025,0,Laptop Triliunan: Nadiem Diam Korupsi Jalan https://t.co/5zn3hmUjs4,1939705510468727092,,,in,,0,0,0,https://x.com/undefined/status/1939705510468727092,2453096317,
1939700458328633424,Mon Jun 30 15:00:01 +0000 2025,83,UPDATE! Pakar Hukum UI: Kejagung Harus Usut Korupsi Pagar Laut Polisi Malu Jika Terbukti? https://t.co/IoFm8b5mVe,1939700458328633424,,,in,,0,1,38,https://x.com/undefined/status/1939700458328633424,1243804423001763841,
1939700120142201337,Mon Jun 30 14:58:41 +0000 2025,0,KPK Buka Peluang Panggil Bobby Terkait Dugaan Korupsi Proyek Jalan Rp 231 8 Miliar di Sumut Klik untuk baca: https://t.co/zkmPqAE5w3 Kompascom+ baca berita tanpa iklan: https://t.co/HjAw0vTsUh Download aplikasi: https://t.co/5yb7lhUmA3,1939700120142201337,,,in,,0,0,0,https://x.com/undefined/status/1939700120142201337,1686293980101967872,
1939699194018906421,Mon Jun 30 14:55:00 +0000 2025,191,Tom Lembong Ungkap 'Perintah' Jokowi Soal Harga Pangan di Sidang Korupsi Gula Segera Nyusul Jadi Tersangka? https://t.co/owI8veyVYM,1939699194018906421,,,in,,2,15,102,https://x.com/undefined/status/1939699194018906421,1243804423001763841,
1939690501374140446,Mon Jun 30 14:20:27 +0000 2025,0,Nama Wali Kota Kendari Terseret Kasus Dugaan Korupsi Anggaran Makan-Minum Setda JPU Fokus Manipulasi LPJ BACA SELENGKAPNYA DISINI ⬇️⬇️⬇️ https://t.co/0qzKmBU4VJ,1939690501374140446,,,in,,0,0,0,https://x.com/undefined/status/1939690501374140446,1928275307859169281,
1939684490860978586,Mon Jun 30 13:56:34 +0000 2025,0,Tom Lembong Seret Nama Jokowi Dalam Sidang Kasus Korupsi Impor Gula Selengkapnya &gt;&gt;&gt; https://t.co/8mW5eyxzr1 https://t.co/O3SbEoxhl9,1939684490860978586,,,in,,0,0,0,https://x.com/undefined/status/1939684490860978586,1415167629732446208,
1939684013859611095,Mon Jun 30 13:54:41 +0000 2025,0,Tom Lembong Seret Nama Jokowi Dalam Sidang Kasus Korupsi Impor Gula Selengkapnya &gt;&gt;&gt; https://t.co/G3Ztn9TfKz https://t.co/341QCbJuGM,1939684013859611095,,,in,,0,0,0,https://x.com/undefined/status/1939684013859611095,753824742491074561,
1939683558161039513,Mon Jun 30 13:52:52 +0000 2025,0,Tom Lembong Seret Nama Jokowi Dalam Sidang Kasus Korupsi Impor Gula Selengkapnya &gt;&gt;&gt; https://t.co/JK2o8ghffR https://t.co/wkAGyZg8QE,1939683558161039513,,,in,,0,0,0,https://x.com/undefined/status/1939683558161039513,2993154144,
1939681376199991296,Mon Jun 30 13:44:12 +0000 2025,0,Masa Depan PSI Suram Tanpa Tokoh OCCRP Nabi Ijazah Palsu. Kwalitas @psi_id Setara Dengan BuzzerRp Dengan Nilai 2 Hingga 5 Juta/Bulan Yg Hidup Dari Hasil Korupsi https://t.co/uLWcRC1NcN,1939681376199991296,,,in,,0,0,0,https://x.com/undefined/status/1939681376199991296,1707296384347697152,
1939680184170590606,Mon Jun 30 13:39:28 +0000 2025,0,Program Makan Bergizi Gratis Dikepung Risiko Korupsi Sistemik Transparency International Indonesia https://t.co/xGn72rKrRy,1939680184170590606,,,in,,0,0,0,https://x.com/undefined/status/1939680184170590606,1577775916435898369,
1939677707471864003,Mon Jun 30 13:29:37 +0000 2025,18,LSAK Yakin Ada Koruptor Kelas Kakap di Korupsi Jalan Sumut https://t.co/vfaSzNQRXJ,1939677707471864003,,,in,,0,0,2,https://x.com/undefined/status/1939677707471864003,990237626,
1939668339770478836,Mon Jun 30 12:52:24 +0000 2025,0,KPK Cegah 13 Orang ke Luar Negeri Terkait Dugaan Korupsi Mesin EDC BRI https://t.co/tkaCz1TMg8,1939668339770478836,,,in,,0,0,0,https://x.com/undefined/status/1939668339770478836,238091066,
1939660705734553713,Mon Jun 30 12:22:04 +0000 2025,0,Korupsi Perbaikan Jalan di Sumut Diusut KPK Gubernur Bobby: Proyek Jalan Terus Gubernur Sumatera Utara (Sumut) Bobby Nasution menyebut proyek pembangunan dan perbaikan jalan tetap berlanjut meski ada pengusutan dugaan korupsi oleh KPK. https://t.co/xK1PqNr9QG https://t.co/4JuFc2Yxl1,1939660705734553713,https://pbs.twimg.com/media/GusPIgEXsAAJ0VW.jpg,,in,,0,0,0,https://x.com/undefined/status/1939660705734553713,155169715,
1939660334043955498,Mon Jun 30 12:20:35 +0000 2025,0,KPK Usut Dugaan Korupsi Pengadaan EDC di BRI Senilai Rp 2 1 Triliun https://t.co/jF2LcTJDcj via @InvestorID,1939660334043955498,,,in,,0,0,0,https://x.com/undefined/status/1939660334043955498,238091066,
1939628207952830556,Mon Jun 30 12:09:47 +0000 2025,33,@CNNIndonesia Ini harusnya bisa jadi potensi delik korupsi. Kayak SMKN 1 Cijeungjing kab Ciamis yg dibangun terpencil jauh dari akses warga. Skrg lagi diusut kejaksan. Sekolah mangkrak aja diusut apalagi ini bandara mangkrak. Mosok didiemin aja? #KualatHambalang https://t.co/Z7cghFZ4F0,1939657614897639756,,CNNIndonesia,in,,0,1,5,https://x.com/undefined/status/1939657614897639756,453931027,
1939171595110752495,Mon Jun 30 11:46:08 +0000 2025,17,@neohistoria_id Aku akan terlahir menjadi Kwang Son Han bebas keluar masuk korut dengan status athlete berprestasi biarpun gaji sebagian di potong pajak negara tapi pejabatnya ga korupsi ga gila engagement ngasih2 rolex bisa nongki sama buffon CR7 ikut kualifikasi Piala Dunia. https://t.co/b6BXiYByxV,1939651665663340821,https://pbs.twimg.com/media/GusG6UCagAAbslt.jpg,neohistoria_id,in,,0,0,0,https://x.com/undefined/status/1939651665663340821,1473733633982840834,
1939632866536935496,Mon Jun 30 11:37:14 +0000 2025,0,@keuangannews_id @keuangan Presiden lemah &amp; tolol pasti banyak yg korupsi..tapi gobloknya aku yakin hal itu disengaja.. pembiaran..biar apa?Biar si koruptor tersandera kasus..biar nurut..kan goblok..bagiku dia politikus hebat tp sangat psikopat..gila cara berpikirnya..dia egois&amp;gak perduli sama rakyatnya!,1939649423673528561,,keuangannews_id,in,,0,0,0,https://x.com/undefined/status/1939649423673528561,1923192764113747968,
1939649184434667969,Mon Jun 30 11:36:17 +0000 2025,0,Mantan Menteri Perdagangan Thomas Trikasih Lembong alias Tom Lembong akan menjalani pemeriksaan sebagai terdakwa kasus dugaan korupsi importasi gula di Pengadilan Tipikor pada PN Jakarta Pusat.... #TomLembong #Korupsi #Gula https://t.co/OVCI8yS1XA,1939649184434667969,,,in,,0,0,0,https://x.com/undefined/status/1939649184434667969,1154685827206635522,
1939645087740526945,Mon Jun 30 11:20:00 +0000 2025,5,KPK Periksa Kacab Bank Panin Senayan terkait Kasus Korupsi ASDP https://t.co/DY5BjnzKyd,1939645087740526945,,,in,,1,0,1,https://x.com/undefined/status/1939645087740526945,4187275698,
1939645082149539995,Mon Jun 30 11:19:59 +0000 2025,0,Sidang Korupsi Gula: Tom Lembong Ungkap Arahan Jokowi Untuk Tekan Harga https://t.co/11FLm2CaW7 https://t.co/8bvK3fJ02r,1939645082149539995,https://pbs.twimg.com/media/GusA6xaWkAAt2lq.jpg,,in,,0,0,0,https://x.com/undefined/status/1939645082149539995,1864351114294120449,
1939641403191255416,Mon Jun 30 11:05:21 +0000 2025,117,KPK Cekal 13 Orang ke LN Demi Usut Korupsi BRI https://t.co/qDGjFAqzjR,1939641403191255416,,,in,,4,4,49,https://x.com/undefined/status/1939641403191255416,990237626,
1939636420169421066,Mon Jun 30 10:45:33 +0000 2025,0,Sudah Berlangsung 5 Tahun Korupsi Pengadaan Mesin EDC Di BRI Mencapai Rp 2 1 Triliun https://t.co/D5m2xQHLbw,1939636420169421066,,,in,,0,0,1,https://x.com/undefined/status/1939636420169421066,1802130557226356737,
1939632866536935496,Mon Jun 30 10:31:26 +0000 2025,24,Sejak Reformasi di Era Jokowi Terbanyak Menteri Terjerat Korupsi Bagaimana Jika Nadiem Jadi Tersangka? https://t.co/C4fhKpNeVy lewat @Keuangan News https://t.co/NeysybWk7M,1939632866536935496,https://pbs.twimg.com/media/Gur10DHWUAAkT-s.jpg,,in,,0,5,6,https://x.com/undefined/status/1939632866536935496,1226436091617505281,
1939632692351611080,Mon Jun 30 10:30:45 +0000 2025,2,Unek-unek sore. Saya ikuti dalam berapa bulan terakhir ini setiap pidato Presiden Prabowo selalu teriak pemberantasan korupsi tapi tindakan nyatanya apa? Mana? Gak jelas. https://t.co/6u75RydRxz,1939632692351611080,,,in,,0,1,1,https://x.com/undefined/status/1939632692351611080,1622904506,
1939630322850869491,Mon Jun 30 10:21:20 +0000 2025,0,KPK harus gercep turun ke kota Mojokerto. Kasus Besar Proyek PSN Taman Bahari Mjaoahit Rugikan Negara di atas Rp 10 M. @KPK_RI @KejaksaanRI https://t.co/d0rrioPQtq,1939630322850869491,,,in,,0,0,0,https://x.com/undefined/status/1939630322850869491,1774830678133325824,
1939630209436721228,Mon Jun 30 10:20:53 +0000 2025,0,13 Orang Dicegah ke Luar Negeri Terkait Penyidikan Dugaan Korupsi Pengadaan EDC BRI https://t.co/xeMHjZoStt,1939630209436721228,,,in,,1,1,0,https://x.com/undefined/status/1939630209436721228,1578222594,
1939627673099346424,Mon Jun 30 10:10:48 +0000 2025,62,Nilai Proyek Rp2 1 Triliun Korupsi Pengadaan Mesin EDC di BRI Sudah Berlangsung 5 Tahun https://t.co/vJFwzQaUnh,1939627673099346424,,,in,,5,7,37,https://x.com/undefined/status/1939627673099346424,990237626,
1939277981844959476,Mon Jun 30 10:08:29 +0000 2025,2,@rmol_id Org kaya dia itu bukan presiden tp penipu pendusta dan perampok yg dibackup PDIP &amp; MEGAWATI KORUPSI BE-RAME sbgmn OCCRP semua koruptor kriminalisasi dll terhubung pd 1 titik yg sama demikian temuan para hacker yg berseliweran di medsos teknologi (algoritma) AI canggih,1939627091592626297,,rmol_id,in,,0,0,1,https://x.com/undefined/status/1939627091592626297,1168102826624483329,
1939626288714572020,Mon Jun 30 10:05:18 +0000 2025,0,Sempat Mangkir Kejari Panggil Lagi Tersangka M Usut Korupsi Sumur Bor Suela Lombok Timur https://t.co/WT0l9LNNYW,1939626288714572020,,,in,,0,0,0,https://x.com/undefined/status/1939626288714572020,1578222594,
1939556784362213609,Mon Jun 30 05:29:07 +0000 2025,1,Knesset Tuduh Netanyahu Gunakan Perang Gaza untuk Hentikan Sidang Korupsi https://t.co/sZLBq4CuPJ,1939556784362213609,,,in,,0,0,0,https://x.com/undefined/status/1939556784362213609,990237626,
1939556689713545666,Mon Jun 30 05:28:44 +0000 2025,7,JALAN RUSAK UANG RAKYAT DIRAMPOK! KPK menangkap Kadis PUPR Sumut Topan Ginting dalam kasus korupsi proyek jalan. Gubernur Bobby Nasution menyesalkan kejadian ini. https://t.co/4vHO0jFAMd #OTTKPK #Korupsi #KadisPUPRSumut #TopanGinting #BobbyNasution https://t.co/gg82xfboIp,1939556689713545666,https://pbs.twimg.com/amplify_video_thumb/1939551981577662464/img/5D8ESqr3ZDbsA9Ve.jpg,,in,,0,2,3,https://x.com/undefined/status/1939556689713545666,1613441633735020545,
1939555341114781819,Mon Jun 30 05:23:23 +0000 2025,0,PP 24/2025 Ampuh Menekuk Dalang Korupsi Melalui Kawan Keadilan https://t.co/AhmpmxZ86B,1939555341114781819,,,in,,0,0,0,https://x.com/undefined/status/1939555341114781819,990237626,
1939554262553653342,Mon Jun 30 05:19:06 +0000 2025,0,Tersudut atau Terbukti Terima Uang Korupsi.? @rmol_id @BocorAlusPol @kumparan @TirtoID @jawapos,1939554262553653342,,,in,,0,0,0,https://x.com/undefined/status/1939554262553653342,157556568,
1939553840715690472,Mon Jun 30 05:17:25 +0000 2025,0,Follow the Money...siapa aja yg terima uang korupsi : Tangkap.! Lu percaya.? Gw gak.! @rmol_id @jawapos @tribunnews @BocorAlusPol,1939553840715690472,,,in,,0,0,0,https://x.com/undefined/status/1939553840715690472,157556568,
1939553222840225980,Mon Jun 30 05:14:58 +0000 2025,0,Kejagung Cegah Nadiem Makarim Ke Luar Negeri Demi Kelancaran Penyidikan Dugaan Korupsi Laptop Chromebook https://t.co/oxjGAuY2aK,1939553222840225980,,,in,,0,0,0,https://x.com/undefined/status/1939553222840225980,1467312143062081538,
1939492240885457385,Mon Jun 30 04:38:47 +0000 2025,0,@Noviyantiumar @ProfOnline_id Korupsi elit keadilan sulit di Konoha,1939544116704289167,,Noviyantiumar,in,,0,0,0,https://x.com/undefined/status/1939544116704289167,1586549982949437441,
1939542498466279759,Mon Jun 30 04:32:21 +0000 2025,100,Ahmad Muzani Dukung KPK Usut Dugaan Korupsi di Setjen MPR RI https://t.co/7K9Humypau,1939542498466279759,,,in,,2,11,27,https://x.com/undefined/status/1939542498466279759,397673651,
1939541921908900155,Mon Jun 30 04:30:03 +0000 2025,0,KPK Sidik Kasus Dugaan Korupsi Pengadaan EDC di BRI (BBRI) ini Profil Mitra BRI https://t.co/VXtfyaCNzM #BRI,1939541921908900155,,,in,,0,0,0,https://x.com/undefined/status/1939541921908900155,43799886,
1939541449999266136,Mon Jun 30 04:28:11 +0000 2025,27,Dari Dulu kumpulan Jokowi ini hanya menang digaya - kerjanya kagak becus - ujung-ujungnya OTT atau Korupsi bener nggak mas Broo @prabowo #hening,1939541449999266136,,,in,,0,2,9,https://x.com/undefined/status/1939541449999266136,780554097388687360,
1938946555954004146,Mon Jun 30 04:25:08 +0000 2025,0,@banknotebook @id_fm Berarti ada orang dalem yang korupsi.,1939540684803092765,,banknotebook,in,,0,1,0,https://x.com/undefined/status/1939540684803092765,2530405896,
1939539048374440062,Mon Jun 30 04:18:38 +0000 2025,0,KPK Buka Peluang Panggil Gubernur Sumut Bobby Nasution Terkait Dugaan Korupsi Proyek Jalan Rp 231 8 Miliar https://t.co/jmDttSBsEN,1939539048374440062,,,in,,0,0,0,https://x.com/undefined/status/1939539048374440062,1719287865824407552,
1939171595110752495,Mon Jun 30 03:53:52 +0000 2025,0,@neohistoria_id Jauh lebih aman maju dan modern dibandingkan Indonesia yg penuh dengan kebohongan oleh penguasa kemiskinan hutang menggunung korupsi sampai ke tingkat bawah.... Jijik bgt di Konoha ini,1939532813134696677,,neohistoria_id,in,,0,3,0,https://x.com/undefined/status/1939532813134696677,484729792,
1939532357414928653,Mon Jun 30 03:52:03 +0000 2025,0,Puluhan ribu warga protes atas penangkapan aktivis. Mereka juga menuntut pemilu dipercepat dan pemberantasan korupsi di Serbia. #Internasional #Kompas60 https://t.co/ayulPwrzPV,1939532357414928653,,,in,,0,0,0,https://x.com/undefined/status/1939532357414928653,771030588,
1939532028787011592,Mon Jun 30 03:50:45 +0000 2025,1,Puluhan ribu warga protes atas penangkapan aktivis. Mereka juga menuntut pemilu dipercepat dan pemberantasan korupsi di Serbia. #Internasional #Kompas60 https://t.co/zUnrV7NrN3,1939532028787011592,,,in,,0,0,0,https://x.com/undefined/status/1939532028787011592,255866913,
1939171595110752495,Mon Jun 30 03:45:49 +0000 2025,0,@neohistoria_id yg penting gaada korupsi,1939530788883841512,,neohistoria_id,in,,0,0,0,https://x.com/undefined/status/1939530788883841512,3221821008,
1939529031441170886,Mon Jun 30 03:38:50 +0000 2025,26,Sidang Korupsi PM Israel Netanyahu Pekan Ini Ditunda https://t.co/EpwB5450PG,1939529031441170886,,,in,,3,4,6,https://x.com/undefined/status/1939529031441170886,4187275698,
1939528479797838318,Mon Jun 30 03:36:38 +0000 2025,0,Sidang Korupsi Benjamin Netanyahu Ditunda Usai Trump Nyatakan Tak Toleransi Penuntutan https://t.co/CE6BSrCFa2,1939528479797838318,,,in,,0,0,0,https://x.com/undefined/status/1939528479797838318,1012174601055449088,
1939525691701358717,Mon Jun 30 03:25:34 +0000 2025,0,Ferdinand Hutahaean Curigai Keterlibatan Nadiem Dalam Dugaan Korupsi Chromebook https://t.co/DWBs0EZQWQ #pdiperjuangan,1939525691701358717,,,in,,0,0,0,https://x.com/undefined/status/1939525691701358717,584835300,
1939523240239718871,Mon Jun 30 03:15:49 +0000 2025,0,Kejati Jateng Tahan Tersangka Baru dalam Kasus Dugaan Korupsi Plaza Klaten #KorupsiPlazaKlaten https://t.co/7RSrPAAVO4,1939523240239718871,,,in,,0,0,0,https://x.com/undefined/status/1939523240239718871,1177104115148578816,
1939516387010990422,Mon Jun 30 02:48:35 +0000 2025,1,Polda DIY Usut Korupsi TIK di Gunungkidul JCW: Harus Sentuh Aktor Intelektual JCW meminta Polda DIY menyentuh aktor intelektual dalam pengusutan dugaan korupsi TIK di Dinas Pendidikan Kabupaten Gunungkidul. https://t.co/6SOWuWpYvl https://t.co/Pa3elOAa4a,1939516387010990422,https://pbs.twimg.com/media/GuqL4DKXwAAEgdK.jpg,,in,,0,0,0,https://x.com/undefined/status/1939516387010990422,155169715,
1939513048538177950,Mon Jun 30 02:35:19 +0000 2025,0,Video: Ahmad Muzani Bicara Usai KPK Usut Dugaan Korupsi di MPR https://t.co/7KWhJRUZA6 https://t.co/HIZFUNi20N,1939513048538177950,https://pbs.twimg.com/media/GuqI1q1XgAAL9bk.jpg,,in,,0,0,0,https://x.com/undefined/status/1939513048538177950,1925434951203528706,
1939171595110752495,Mon Jun 30 02:24:24 +0000 2025,0,@neohistoria_id Hampir sama kita lahir di indonesia... Yang membedakan cuma kalau di Korea utara korupsi di hukum mati tapi kalau di indonesia yang ketahuan korupsi akan di minta bagiannya ... Terutama oleh penegak hukum..,1939510300283486315,,neohistoria_id,in,,0,0,0,https://x.com/undefined/status/1939510300283486315,1246107823592714240,
1939501328004239811,Mon Jun 30 01:48:45 +0000 2025,0,Perbaikan kinerja birokrasi masih terganjal kinerja profesional dan perilaku aparatur sipil negara yang belum bebas korupsi. #Polhuk #Kompas60 https://t.co/CsG5kAlYUq,1939501328004239811,,,in,,0,0,0,https://x.com/undefined/status/1939501328004239811,771030588,
1939500810519347207,Mon Jun 30 01:46:42 +0000 2025,3,Perbaikan kinerja birokrasi masih terganjal kinerja profesional dan perilaku aparatur sipil negara yang belum bebas korupsi. #Polhuk #Kompas60 https://t.co/iDzAGjttk1,1939500810519347207,,,in,,0,0,0,https://x.com/undefined/status/1939500810519347207,255866913,
1939494271066722471,Mon Jun 30 01:20:42 +0000 2025,0,Pembelaan Trump Mujarab Sidang Korupsi PM Israel Netanyahu Dibatalkan https://t.co/HYyIFnLGik,1939494271066722471,,,in,,0,0,0,https://x.com/undefined/status/1939494271066722471,1578222594,
1939492835042197901,Mon Jun 30 01:15:00 +0000 2025,569,REKOR! Jika Nadiem Jadi Tersangka Ada 9 Menteri Era Jokowi Terjerat Korupsi: 'Terbanyak Sejak Reformasi' https://t.co/ltExufFD8r,1939492835042197901,,,in,,8,48,240,https://x.com/undefined/status/1939492835042197901,1243804423001763841,
1939491477014638851,Mon Jun 30 01:09:36 +0000 2025,0, Blow Up Kasus Korupsi Kakap Hanya Seremonial? Lihat video BilikPolitik! #TikTok https://t.co/hKowjhY0mT,1939491477014638851,,,in,,0,0,0,https://x.com/undefined/status/1939491477014638851,86740901,
1939171595110752495,Mon Jun 30 00:18:36 +0000 2025,0,@neohistoria_id Korupsi bansos kovit dan 271T ???,1939478641655873915,,neohistoria_id,in,,0,0,0,https://x.com/undefined/status/1939478641655873915,1601602662188736512,
1939171595110752495,Sun Jun 29 23:38:13 +0000 2025,0,@neohistoria_id Koq berandai andai? Andai jokowi gk lahir di Indonesia pasti negeri ini aman tanpa korupsi,1939468478714638790,,neohistoria_id,in,,0,0,0,https://x.com/undefined/status/1939468478714638790,1631280618175868929,
1939465985024815206,Sun Jun 29 23:28:19 +0000 2025,0,https://t.co/VNv2KkXk5N. Pemberantasan korupsi harus tegas tanpa pandang bulu sdg diuji di era pemerintahan prabowo. @prabowo @psi_id @PDI_Perjuangan @jhonsitorus_19 @KejaksaanRI @mohmahfudmd,1939465985024815206,,,in,,0,0,0,https://x.com/undefined/status/1939465985024815206,76036323,
1939171595110752495,Sun Jun 29 23:16:43 +0000 2025,0,@dkarismah @neohistoria_id Banyaknya korupsi dan sulitnya mencari pekerjaan,1939463069526303154,,dkarismah,in,,0,0,0,https://x.com/undefined/status/1939463069526303154,1232653716437819392,
1939216571244912661,Sun Jun 29 22:38:56 +0000 2025,0,@satriyotutuko @Catatan_ali7 @kaesangp @RajaJuliAntoni @prabowo @Uki23 @sigitwid @psi_id Bayar sendiripun tdk boleh. Bentuk lain korupsi ala para kaum penghina &amp; pemfitnah Prabowo disepanjang 2014 sd 2019. Stlh dinaikkan derajatnya oleh Prabowopun mrk ttp tdk menunjukkan respek dan rasa hormat ke Prabowo malah mrk kangkangi. @bang_dasco @Dahnilanzar @Gerindra,1939453559793426603,,satriyotutuko,in,,0,0,0,https://x.com/undefined/status/1939453559793426603,1617060345528610816,
1939434586712543339,Sun Jun 29 21:23:33 +0000 2025,0,Orang Dekatnya Ditangkap KPK Apakah Berlanjut ke Bobby Nasution? Komisi Pemberantasan Korupsi membuka peluang untuk memanggil Gubernur Sumut Bobby Nasution jika menemukan aliran uang terkait dugaan korupsi proyek infrastruktur. Simak Kompas https://t.co/0Vj9saCboL @hariankompas,1939434586712543339,,,in,,0,0,0,https://x.com/undefined/status/1939434586712543339,1445984430258982913,
1939399288595054961,Sun Jun 29 19:03:17 +0000 2025,0,Jika Nadiem Jadi Tersangka Ada 9 Menteri Era Jokowi Terjerat Korupsi https://t.co/TbG7j4iwFw,1939399288595054961,,,in,,0,0,0,https://x.com/undefined/status/1939399288595054961,1238486702550728706,
1939171595110752495,Sun Jun 29 18:37:00 +0000 2025,0,@neohistoria_id At least tidak ada korupsi seperti di Indonesia semuanya jelas peraturannya jelas diikutin saja,1939392672822939725,,neohistoria_id,in,,0,0,0,https://x.com/undefined/status/1939392672822939725,1870019434427101184,
1939376521510314186,Sun Jun 29 17:32:49 +0000 2025,0,https://t.co/F3MlwSVcZ2 Universitas Paramadina kembali menunjukkan komitmennya dalam membangun ruang dialog strategis dengan menyelenggarakan Forum Meet The Leaders bertajuk Lead With Law Stand With Integrity:#mahfudmd #paramadinauniversity #hukumindonesia #trend,1939376521510314186,,,in,,0,0,0,https://x.com/undefined/status/1939376521510314186,1507307226058223618,
1939375838119796930,Sun Jun 29 17:30:06 +0000 2025,0,Pengadaan lampu Penerangan Jalan Umum (PJU) di Kabupaten Bogor kembali menuai sorotan tajam. https://t.co/5qmZykGgLA #KPK #korupsi #kejagung #bogor #dprdkabupatenbogor #PUPR,1939375838119796930,,,in,,0,0,0,https://x.com/undefined/status/1939375838119796930,1507307226058223618,
1939362657255178449,Sun Jun 29 16:37:43 +0000 2025,0, KPK mungkin akan panggil Gubernur Sumut Bobby Nasution terkait dugaan korupsi di Dinas PUPR. Kepala Dinas PUPR yang terjaring OTT disebut-sebut orang dekatnya. Ikuti terus perkembangan kasus ini! #KPK #Korupsi #Sumut https://t.co/CfN2EhV1cL https://t.co/xxHGYONIH1,1939362657255178449,https://pbs.twimg.com/media/Gun__ejX0AA1vdT.jpg,,in,,0,0,0,https://x.com/undefined/status/1939362657255178449,1614166362670395392,
1939298689144782895,Sun Jun 29 12:23:32 +0000 2025,0,https://t.co/Afyj2BEDLh,1939298689144782895,,,zxx,,0,0,0,https://x.com/undefined/status/1939298689144782895,1911786856024608768,
1939297929841222077,Sun Jun 29 12:20:31 +0000 2025,0,Mantan Menpora Imam Nahrawi Divonis Tujuh Tahun Penjara Imbas Korupsi dalam Memori Hari Ini 29 Juni 2020 https://t.co/1lNaU11uzW,1939297929841222077,,,in,,0,0,0,https://x.com/undefined/status/1939297929841222077,1578222594,
1939297269280641451,Sun Jun 29 12:17:54 +0000 2025,0,*Ethics of Care Respon Skandal Korupsi di Sumut: Ganti Aktor Naskahnya Itu-itu Juga!* https://t.co/Q4XkPWRJm5,1939297269280641451,,,in,,0,0,0,https://x.com/undefined/status/1939297269280641451,636145036,
1939293666805469332,Sun Jun 29 12:03:35 +0000 2025,46,Lu Bayangin gmn RUSAKnya Hukum dinegara ini. Orang yg seharusnya menjadi Penegak Hukum malah tersandung Kasus Hukum.. Entah apa yg Bisa Menghentikan Kerusakan di Negara ini..!! Soalnya Rusaknya uda disegala Lini.. https://t.co/WBnUprf6T3,1939293666805469332,,,in,,0,0,13,https://x.com/undefined/status/1939293666805469332,228628424,
1939289732669706689,Sun Jun 29 11:47:57 +0000 2025,0,Dugaan Korupsi Masjid di Semangkak Kejari Klaten Langsung Cek Kejaksaan Negeri (Kejari) Klaten mengecek salah satu masjid di Desa Semangkak Kecamatan Klaten Tengah guna menindaklanjuti laporan warga tentang dugaan kasus korupsi. https://t.co/Z1ijbHs5uy https://t.co/ExUimYKpTx,1939289732669706689,https://pbs.twimg.com/media/Gum9u9wXUAAOcSs.jpg,,in,,0,0,0,https://x.com/undefined/status/1939289732669706689,155169715,
1939171595110752495,Sun Jun 29 11:31:27 +0000 2025,2,@neohistoria_id Jangan posting begitu nanti pemerintah masih untung lu idup di indo go back korupsi lagiiii dehhh mrekaaaa,1939285583639310759,,neohistoria_id,in,,0,0,0,https://x.com/undefined/status/1939285583639310759,1905606493195640833,
1939284762340024626,Sun Jun 29 11:28:12 +0000 2025,0,Korupsi Proyek Jalan di Sumut: Daftar Tersangka Duduk Perkara hingga Total Nilai Proyek https://t.co/fxk8P0SgAD,1939284762340024626,,,in,,0,0,0,https://x.com/undefined/status/1939284762340024626,1238486702550728706,
1939282181978992753,Sun Jun 29 11:17:56 +0000 2025,0,Mendagri Tito Karnavian Ingatkan DPRD Tak Main-Main Soal Pokir Modus Korupsi Mengintai https://t.co/icnfO7WcAu,1939282181978992753,,,in,,0,0,0,https://x.com/undefined/status/1939282181978992753,4854436812,
1939273030150316523,Sun Jun 29 10:41:34 +0000 2025,0,https://t.co/U8RI2Gb1Ct,1939273030150316523,,,zxx,,0,0,0,https://x.com/undefined/status/1939273030150316523,1109059024241070084,
1939259527867867399,Sun Jun 29 09:47:55 +0000 2025,0,KPK Tangkap Orang Dekat Gubernur Kasus Dugaan Korupsi PUPR Sumut Bobby Nasution akan Dipanggil? https://t.co/E5ldxbgu4t,1939259527867867399,,,in,,0,0,0,https://x.com/undefined/status/1939259527867867399,1648393828980903936,
1939171595110752495,Sun Jun 29 09:35:33 +0000 2025,0,@ddrop37 @ztrkyre @detoge Kalau kami korupsi dari dulu udh ditangkap sih. Kan kami sudah kasih klarifikasi. Masa terus dilanjutkan fitnahnya?,1939256414171799958,,ddrop37,in,,0,1,0,https://x.com/undefined/status/1939256414171799958,1495326248100589569,
1939252285215027566,Sun Jun 29 09:19:09 +0000 2025,0,KPK harus gercep turun ke kota Mojokerto. Kasus Besar Proyek PSN Taman Bahari Mjaoahit Rugikan Negara di atas Rp 10 M. @KPK_RI @KejaksaanRI https://t.co/d0rrioPQtq,1939252285215027566,,,in,,0,0,0,https://x.com/undefined/status/1939252285215027566,1774830678133325824,
1939230104577790064,Sun Jun 29 09:03:53 +0000 2025,157,Jaksa Agung ditabrak sampai kakinya buntung karena mengusut korupsi yang dilakukan tentara. #artikelhistoriaid https://t.co/ZGMpcsdT6b,1939248445673603226,,historia_id,in,,6,4,65,https://x.com/undefined/status/1939248445673603226,131903463,
1939246714013327541,Sun Jun 29 08:57:00 +0000 2025,1,https://t.co/APiZiaSQnC JurnalPatroliNews Jakarta Kementerian Pekerjaan Umum (PU) menyatakan akan melakukan langkah evaluasi menyeluruh menyusul terbongkarnya dugaan korupsi dalam proyek pembangunan jalan di Sumatera Utara.,1939246714013327541,,,in,,0,1,0,https://x.com/undefined/status/1939246714013327541,1507307226058223618,
1939171595110752495,Sun Jun 29 08:47:24 +0000 2025,0,@dkarismah @neohistoria_id Di korupsi,1939244295854395818,,dkarismah,in,,0,0,0,https://x.com/undefined/status/1939244295854395818,1812560608644276224,
1939171595110752495,Sun Jun 29 08:47:09 +0000 2025,0,@ztrkyre @detoge @neohistoria_id Lu gak tau kah? Akun neo ini korupsi makanya dia sarkas,1939244232570773565,,ztrkyre,in,,0,1,0,https://x.com/undefined/status/1939244232570773565,137684128,
1939238954945126916,Sun Jun 29 08:26:10 +0000 2025,0,https://t.co/hjj5MBEWtJ,1939238954945126916,,,zxx,,0,0,0,https://x.com/undefined/status/1939238954945126916,1897602862743719937,
1939171595110752495,Sun Jun 29 08:21:31 +0000 2025,0,@neohistoria_id Disana boro boro korupsi mimpi korupsi saja dah di hukum mati Piye enak nok indonesia toh cuk,1939237782599409962,,neohistoria_id,in,,0,0,0,https://x.com/undefined/status/1939237782599409962,2556225356,
1939191299435045101,Sun Jun 29 05:16:48 +0000 2025,0,https://t.co/NVoQTmrkzz Postingan ini dibagikan via TikTok Lite. Unduh TikTok Lite : Ngeri-ngeri sedaap kalimat Sutan Batugana buat Jokowi dan Moeldoko...mudah2an akhir hayat mereka bisa bertemu dgn Sutan Batugana kader PD...yg sama -sama TDK mengakui kalo Korupsi...!,1939191299435045101,,,in,,0,0,0,https://x.com/undefined/status/1939191299435045101,1646986207463878658,
1939185538902434248,Sun Jun 29 04:53:55 +0000 2025,2,'Rakus'-nya Kadis PUPR Sumut dalam Pusaran Korupsi https://t.co/7PXpifhaWI,1939185538902434248,,,in,,0,0,0,https://x.com/undefined/status/1939185538902434248,1895311523448528903,
1939171595110752495,Sun Jun 29 04:46:51 +0000 2025,752,@neohistoria_id Korupsi donasi ditembak mati sih klo disana,1939183762631483708,,neohistoria_id,in,,2,17,7,https://x.com/undefined/status/1939183762631483708,922327453,
1939183025709031710,Sun Jun 29 04:43:56 +0000 2025,0,Mantan Menteri Pendidikan Kebudayaan Riset dan Teknologi Nadiem Makarim resmi dicegah untuk bepergian ke luar negeri oleh Kejaksaan Agung (Kejagung). https://t.co/wgO8p84WdK https://t.co/9cFaho3Y3d,1939183025709031710,https://pbs.twimg.com/media/Gulcn-VWgAAifLC.jpg,,in,,0,1,0,https://x.com/undefined/status/1939183025709031710,1632999922587893762,
1939172890035003407,Sun Jun 29 04:03:39 +0000 2025,0,Baru Jabat 4 Bulan Kadis PUPR Sumut Topan Ginting Jadi Tersangka Korupsi Proyek Jalan https://t.co/O00ejCb9RK,1939172890035003407,,,in,,0,0,0,https://x.com/undefined/status/1939172890035003407,1467312143062081538,
1939172761110487434,Sun Jun 29 04:03:08 +0000 2025,0,https://t.co/NZBHy7SNNR,1939172761110487434,,,zxx,,0,0,0,https://x.com/undefined/status/1939172761110487434,1604812731411943424,
1939166209510985880,Sun Jun 29 03:37:06 +0000 2025,0,Sudah tujuh bulan Serbia diguncang rangkaian unjuk rasa menuntut pemberantasan korupsi dan presiden mundur. Pemerintah bergeming. #Internasional #Kompas60 https://t.co/JNbbqsoBCZ,1939166209510985880,,,in,,0,0,0,https://x.com/undefined/status/1939166209510985880,771030588,
1939165805066727898,Sun Jun 29 03:35:30 +0000 2025,0,Sudah tujuh bulan Serbia diguncang rangkaian unjuk rasa menuntut pemberantasan korupsi dan presiden mundur. Pemerintah bergeming. #Internasional #Kompas60 https://t.co/trixrgGIg3,1939165805066727898,,,in,,0,0,0,https://x.com/undefined/status/1939165805066727898,255866913,
1939161420794601862,Sun Jun 29 03:18:05 +0000 2025,0,Proyek Jalan Di Sumut Berujung Korupsi 20 Persen Dari Nilai Proyek Rp231 8 Miliar https://t.co/tGiZsWWtfL,1939161420794601862,,,in,,0,0,0,https://x.com/undefined/status/1939161420794601862,1467312143062081538,
1939160653610242205,Sun Jun 29 03:15:02 +0000 2025,1,KPK Tetapkan 5 Tersangka Kasus Dugaan Korupsi Pembangunan Jalan di Mandailing https://t.co/pL9rKIF2Zj #OTTKPK,1939160653610242205,,,in,,0,0,1,https://x.com/undefined/status/1939160653610242205,43799886,
1939123066933744012,Sun Jun 29 00:45:40 +0000 2025,0,Media Israel Bongkar Mediasi Rahasia Akhiri Sidang Korupsi Netanyahu Tetapi Gagal https://t.co/nkpumL7Xmg https://t.co/DvS7JyjgxE,1939123066933744012,https://pbs.twimg.com/media/GukmJenWMAAcFR7.jpg,,in,,0,0,0,https://x.com/undefined/status/1939123066933744012,1634585965829435392,
1939110102126268548,Sun Jun 29 00:07:18 +0000 2025,3,@shda_agatha_ @DPR_RI kemarin udah tapi DPRD https://t.co/T9VUnrcwU1 https://t.co/ViphdpWben,1939113409318097274,https://pbs.twimg.com/media/GukdXnhWAAAWnsw.jpg,shda_agatha_,in,,0,1,1,https://x.com/undefined/status/1939113409318097274,1184695438365974528,
1939109864950899157,Sat Jun 28 23:53:13 +0000 2025,1,Sumber: https://t.co/6t0Bj18kMy https://t.co/RjMNiQ8Tex,1939109864950899157,,,en,,0,0,0,https://x.com/undefined/status/1939109864950899157,1637841258231271424,
1939065418532168158,Sat Jun 28 20:56:36 +0000 2025,0,Telusuri Aliran Uang Korupsi Proyek Jalan di Sumut KPK Bakal Periksa Bobby Nasution https://t.co/sHGPyM3QJ2,1939065418532168158,,,in,,0,0,0,https://x.com/undefined/status/1939065418532168158,2711666228,
1939051958230491254,Sat Jun 28 20:03:07 +0000 2025,0,KPK Tegaskan Tak Tebang Pilih Gubernur Bobby Nasution Bisa Dipanggil Terkait Korupsi Jalan di Sumut https://t.co/oqOsMt2fyD,1939051958230491254,,,in,,0,0,0,https://x.com/undefined/status/1939051958230491254,1238486702550728706,
1939051538561016255,Sat Jun 28 20:01:27 +0000 2025,0,Korupsi Jalan Rp231 8 Miliar di Sumut: KPK Telusuri Aliran Dana Bobby Nasution Siap Diperiksa https://t.co/pNOlIABXxG,1939051538561016255,,,in,,0,0,0,https://x.com/undefined/status/1939051538561016255,1238486702550728706,
1939042824118571185,Sat Jun 28 19:26:49 +0000 2025,0,https://t.co/mzU3QggnQT: Dugaan Korupsi Proyek Jalan 'Bestie' Bobby Nasuti... https://t.co/vdTFVOwVsw,1939042824118571185,,,in,,0,0,0,https://x.com/undefined/status/1939042824118571185,837297869753233410,
1939025733772571013,Sat Jun 28 18:18:54 +0000 2025,0,Ustaz Khalid Basalamah Buka Suara Usai Diperiksa KPK soal Korupsi Kuota Haji Era Yaqut https://t.co/HEqMoneheu,1939025733772571013,,,in,,0,0,0,https://x.com/undefined/status/1939025733772571013,1238486702550728706,
1939001458462204161,Sat Jun 28 16:42:27 +0000 2025,0,Alasan Nadiem Pilih Laptop Chromebook Kasus Korupsi Kemendikbudristek Naik Penyidikan https://t.co/0strLGveqi,1939001458462204161,,,in,,0,0,0,https://x.com/undefined/status/1939001458462204161,1238486702550728706,
1938985684943151168,Sat Jun 28 15:39:46 +0000 2025,1,KPK Buka Opsi Panggil Bobby Nasution Terkait Korupsi di Dinas PUPR Sumut https://t.co/1usuVAa6mm via @InvestorID,1938985684943151168,,,in,,0,0,1,https://x.com/undefined/status/1938985684943151168,238091066,
1938984178655072402,Sat Jun 28 15:33:47 +0000 2025,0,OTT Korupsi di Sumut Ha https://t.co/belPb28hIi https://t.co/YIhuZaG80j,1938984178655072402,https://pbs.twimg.com/media/Guin1eNXUAAYQwz.jpg,,in,,0,0,0,https://x.com/undefined/status/1938984178655072402,155169715,
1938981695623160244,Sat Jun 28 15:23:55 +0000 2025,1,Harta Kekayaan Kadis PUPR Sumut yang Jadi Tersangka Korupsi Proyek Jalan https://t.co/efCIbC9QBD https://t.co/GG8aOKUtlO,1938981695623160244,https://pbs.twimg.com/media/GuilkgnXUAALDWW.jpg,,in,,0,0,0,https://x.com/undefined/status/1938981695623160244,1564656716645810176,
1938974237882229158,Sat Jun 28 14:54:17 +0000 2025,1,Tangkap Bobby nst https://t.co/dfRUvcPYQY,1938974237882229158,,,in,,0,0,0,https://x.com/undefined/status/1938974237882229158,1313788225543053313,
1938934436038615524,Sat Jun 28 14:50:02 +0000 2025,1,@joko_putro3943 @geloraco https://t.co/KmC1UjOVck,1938973168011747429,,joko_putro3943,qme,,0,0,0,https://x.com/undefined/status/1938973168011747429,1541952285080551427,
1938399188750111049,Sat Jun 28 14:49:33 +0000 2025,0,@neVerAl0nely_ Minggu kemarin banyak anak ojol rekening @BANKBRI_ID mendapatkan transferan ratusan juta bahkan ada yg 1 M lalu rekening diblokir BRI dan penerima dipanggil ke BRI kata orang BRI itu uang Korupsi dan katanya Wilmar. Ini uang dikumpulkan BRI untuk diserahkan ke siapa?,1938973047517843504,,neVerAl0nely_,in,,0,0,0,https://x.com/undefined/status/1938973047517843504,3992530572,
1938970500224688469,Sat Jun 28 14:39:26 +0000 2025,0,Harta Kekayaan Kadis PUPR Sumut yang Jadi Tersangka Korupsi Proyek Jalan https://t.co/d2a5BlsLEp,1938970500224688469,,,in,,0,0,0,https://x.com/undefined/status/1938970500224688469,1573225708544921600,
1938965838222049502,Sat Jun 28 14:20:54 +0000 2025,0,Korupsi Proyek Jalan di https://t.co/VKigFyt22z https://t.co/upZNXUPHhs,1938965838222049502,https://pbs.twimg.com/media/GuiXJ2mW0AAUGUF.jpg,,in,,0,0,0,https://x.com/undefined/status/1938965838222049502,155169715,
1938960732525150487,Sat Jun 28 14:00:37 +0000 2025,0,Kecurigaan Warga Berujung Terungkapnya Dugaan Korupsi Proyek Jalan di Sumut https://t.co/48UbNBZer1,1938960732525150487,,,in,,0,0,0,https://x.com/undefined/status/1938960732525150487,262026799,
1938956550179299799,Sat Jun 28 13:44:00 +0000 2025,0,Innalillahi.. Ust.Khalid Basalamah Diperiksa KPK Dugaan Kasus Korupsi..? https://t.co/iwBqweK40t,1938956550179299799,,,in,,0,0,0,https://x.com/undefined/status/1938956550179299799,1050402446063747072,
1938956129674879064,Sat Jun 28 13:42:20 +0000 2025,0,I love Korupsi di Indonesia..Aman Tentrem Sejahtera.! Mari Kita Maling Uang APBN/APBD &amp; Hasil Tambang serta Hasil Pajak Indonesia.! Biarin aja Rakyat Miskin. @KejaksaanRI @prabowo @BocorAlusPol @rmol_id @jawapos Check out si pray's video! #TikTok https://t.co/FmWz2K1hHc,1938956129674879064,,,in,,0,0,0,https://x.com/undefined/status/1938956129674879064,157556568,
1938951255579337112,Sat Jun 28 13:22:57 +0000 2025,5,OTT Proyek Jalan Rp231 8 Miliar: KPK Tetapkan 5 Tersangka Korupsi di Sumut https://t.co/34jwzoKjPJ lewat @Keuangan News https://t.co/K1YxfhdUsM,1938951255579337112,https://pbs.twimg.com/media/GuiJ5Fla4AAXca7.jpg,,in,,0,0,3,https://x.com/undefined/status/1938951255579337112,1226436091617505281,
1938936035473531165,Sat Jun 28 12:22:29 +0000 2025,0,JAKARTA https://t.co/xRRXVXryF3 Sebuah video viral menyebut mantan Menteri Pendidikan dan Kebudayaan Nadiem Makarim masuk Daftar Pencarian Orang (DPO). Tuduhan ini terkait kasus dugaan korupsi pengadaan laptop Chromebook. Namun Kejaksaan Agung langsung membantah informasi https://t.co/G55TaVgACi,1938936035473531165,https://pbs.twimg.com/media/Guh77KoWQAAFSjT.jpg,,in,,0,0,0,https://x.com/undefined/status/1938936035473531165,1911740506847297536,
1938934279129702833,Sat Jun 28 12:15:30 +0000 2025,402,Korupsi Proyek Jalan di Sumut KPK Buka Peluang Periksa Bobby Nasution https://t.co/oeiPNCYzZE,1938934279129702833,,,in,,17,48,187,https://x.com/undefined/status/1938934279129702833,990237626,
1938933954159223201,Sat Jun 28 12:14:12 +0000 2025,91,KPK Tetapkan Lima Tersangka Korupsi Proyek Jalan di Sumatera Utara https://t.co/82eRsQKump,1938933954159223201,,,in,,0,1,43,https://x.com/undefined/status/1938933954159223201,990237626,
1938931907464687771,Sat Jun 28 12:06:05 +0000 2025,0,Korupsi Proyek Jalan di Sumut KPK Buka Peluang Periksa Bobby Nasution https://t.co/wt56ARIrxL https://t.co/aNyv803Oql,1938931907464687771,https://pbs.twimg.com/media/Guh4SifWYAAaVqN.jpg,,in,,0,0,0,https://x.com/undefined/status/1938931907464687771,1903877315261784064,
1938926265567793490,Sat Jun 28 11:43:39 +0000 2025,0,KPK Tetapkan Kadis PUPR Sumut sebagai Tersangka Korupsi Proyek Jalan https://t.co/AbFUL6Nkri,1938926265567793490,,,in,,0,0,0,https://x.com/undefined/status/1938926265567793490,238091066,
1938922328022491254,Sat Jun 28 11:28:01 +0000 2025,0,KPK OTT Tetapkan 5 Tersangka Kasus Korupsi PUPR Sumut https://t.co/p9c9QrUnKU,1938922328022491254,,,in,,0,0,0,https://x.com/undefined/status/1938922328022491254,1012174601055449088,
1938920759612821585,Sat Jun 28 11:21:47 +0000 2025,0,KPK Potensi Panggil Bobby Nasution Soal Kasus Dugaan Korupsi Proyek Pembangunan Jalan di Sumut https://t.co/UxKR1yejSQ,1938920759612821585,,,in,,0,0,0,https://x.com/undefined/status/1938920759612821585,1897569074458382336,
1938916646669967660,Sat Jun 28 11:05:26 +0000 2025,0,Pengadilan Militer Tinggi II Jakarta menjatuhkan vonis terhadap tiga terdakwa dalam kasus korupsi TWP AD dalam sidang yang digelar Rabu (25/6/2025). @Puspen_TNI https://t.co/JxrblU5hPt #PengadilanMiliterTinggiIIJakarta #AgustinusSoegih #KasusKorupsiTWPAD,1938916646669967660,,,in,,0,0,0,https://x.com/undefined/status/1938916646669967660,1183693365449084928,
1938916038743334914,Sat Jun 28 11:03:01 +0000 2025,1,Komisi Pemberantasan Korupsi (KPK) menggelar operasi tangkap tangan (OTT) di wilayah Mandailing Natal Sumatera Utara. @KPK_RI https://t.co/3qfPzwuBKn #KPK #korupsi #ottkpk #BudiPrasetyo #OTTSumut #KorupsiPUPR,1938916038743334914,,,in,,0,0,0,https://x.com/undefined/status/1938916038743334914,1183693365449084928,
1938914035665338797,Sat Jun 28 10:55:04 +0000 2025,0,Ketua DPD Partai Solidaritas Indonesia (PSI) Kota Bekasi Tanti Herawati menyambut baik hasil survei LSI terhadap 100 hari kerja Wali Kota dan Wakil Wali Kota Bekasi yang menunjukkan tingkat kepuasan publik sebesar 72 02 persen. Baca selengkapnya disini : https://t.co/HJ8hEhq8ye https://t.co/odn9e1FQ9i,1938914035665338797,https://pbs.twimg.com/media/GuhoCAhWkAA92iv.jpg,,in,,0,0,0,https://x.com/undefined/status/1938914035665338797,4712757960,
1938908847533375812,Sat Jun 28 10:34:27 +0000 2025,0,Laptop Triliunan: Nadiem Diam Korupsi Jalan https://t.co/5zn3hmTLCw,1938908847533375812,,,in,,0,0,0,https://x.com/undefined/status/1938908847533375812,2453096317,
1938894662263361837,Sat Jun 28 09:38:05 +0000 2025,0,OTT KPK di Sumut Tangkap 6 Orang Diduga Kasus Korupsi Proyek Pembangunan Jalan https://t.co/z8gYZW10TH,1938894662263361837,,,in,,0,0,0,https://x.com/undefined/status/1938894662263361837,1897569074458382336,
1938891000124240195,Sat Jun 28 09:23:31 +0000 2025,0,https://t.co/YDjh0FI3Qc,1938891000124240195,,,zxx,,0,0,0,https://x.com/undefined/status/1938891000124240195,100322652,
1938881460183933268,Sat Jun 28 08:45:37 +0000 2025,102,Sebuah kementerian baru dibentuk untuk merapikan birokrasi dan memberantas korupsi. Mohammad Yamin membuat gebrakan dalam pemberantasan korupsi di Kementerian PPK. Tapi korupsi masih terjadi yang menarik perhatian HR Rasuna Said. #premium #terbaru https://t.co/L9DZEUAYQj,1938881460183933268,,,in,,0,0,25,https://x.com/undefined/status/1938881460183933268,131903463,
1938875146422333941,Sat Jun 28 08:20:32 +0000 2025,0,KPK Sebut Ada Dua Klaster Penerimaan di Korupsi Proyek Jalan di Sumut https://t.co/45TtdwYYJo,1938875146422333941,,,in,,0,0,0,https://x.com/undefined/status/1938875146422333941,1578222594,
1938870575805628756,Sat Jun 28 08:02:22 +0000 2025,4,INFO!!! KPK menangkap enam orang dalam OTT di Mandailing Natal Sumut terkait dugaan korupsi proyek jalan. Gedung BBPJN disegel sebagai bagian dari penyelidikan. https://t.co/Mx6NxvAfIj #OTT #KPK #Korupsi #BBPJN #SumateraUtara https://t.co/kZhvunkVcI,1938870575805628756,https://pbs.twimg.com/amplify_video_thumb/1938870379155480576/img/Dfux1i4uL4TbMuCZ.jpg,,in,,0,1,5,https://x.com/undefined/status/1938870575805628756,1613441633735020545,
1938862510641422780,Sat Jun 28 07:30:20 +0000 2025,1,Cari tahu lebih lengkap di sini ️ https://t.co/Z525P4DOtD,1938862513053147200,,TirtoID,in,,0,0,0,https://x.com/undefined/status/1938862513053147200,4187275698,
1938856628541104447,Sat Jun 28 07:06:57 +0000 2025,5,KPK Usut Dugaan Korupsi Kuota Haji 2024 Menag Nasaruddin Fokus Bersihkan 2025 https://t.co/KReWm0Xebe lewat @Keuangan News https://t.co/dMk4ooqp2F,1938856628541104447,https://pbs.twimg.com/media/Gugz1ETaoAENoed.jpg,,in,,0,0,3,https://x.com/undefined/status/1938856628541104447,1226436091617505281,
1938843839684583752,Sat Jun 28 06:16:08 +0000 2025,0,Duit Korupsi Mengalir Kemana ? https://t.co/yVnrBnlHgl,1938843839684583752,,,in,,0,0,0,https://x.com/undefined/status/1938843839684583752,1454008204027854853,
1938842457292280199,Sat Jun 28 06:10:38 +0000 2025,0,Innalillahi.. Ust.Khalid Basalamah Diperiksa KPK Dugaan Kasus Korupsi..? https://t.co/Y0WJPdKa1Z,1938842457292280199,,,in,,0,0,0,https://x.com/undefined/status/1938842457292280199,1747201674723332096,
1938842298218918210,Sat Jun 28 06:10:00 +0000 2025,9,Ahok Bongkar Akar Korupsi di Indonesia: Presiden Punya Kekuatan Tapi...? https://t.co/v7hR8atPok,1938842298218918210,,,in,,3,2,3,https://x.com/undefined/status/1938842298218918210,1243804423001763841,
1938823131789173068,Sat Jun 28 04:53:50 +0000 2025,0,OTT KPK di Mandailing Natal Terkait Korupsi Proyek PUPR Provinsi Sumut https://t.co/MrBHKKfWZt,1938823131789173068,,,in,,0,0,0,https://x.com/undefined/status/1938823131789173068,990237626,
1938820966349730243,Sat Jun 28 04:45:14 +0000 2025,0,TRUMP DESAK ISRAEL BATALKAN KASUS KORUPSI NETANYAHU SEBUT PM ISRAEL PAHLAWAN BESAR https://t.co/rqHX6isJkq,1938820966349730243,,,in,,0,0,0,https://x.com/undefined/status/1938820966349730243,1898764433985548288,
1938817437371392173,Sat Jun 28 04:31:13 +0000 2025,0,Dicegah ke Luar Negeri Nadiem Makarim Terseret Kasus Korupsi Chromebook https://t.co/LrChQqLFRv,1938817437371392173,,,in,,0,0,0,https://x.com/undefined/status/1938817437371392173,1348345633493590016,
1938817415049265307,Sat Jun 28 04:31:07 +0000 2025,0,#nadiemmakarim #korupsi #kpk #chromebook #mendikbud Dicegah ke Luar Negeri Nadiem Makarim Terseret Kasus Korupsi Chromebook https://t.co/LrChQqLFRv,1938817415049265307,,,in,,0,0,0,https://x.com/undefined/status/1938817415049265307,1348345633493590016,
1938815805640331774,Sat Jun 28 04:24:44 +0000 2025,0,Mantan Mendikbudristek sekaligus pendiri Gojek Nadiem Makarim resmi dicegah bepergian ke luar negeri oleh pihak imigrasi atas permintaan Kejaksaan Agung. Selengkapnya di https://t.co/BVgTLBEBNR https://t.co/0JEUqbqkOd,1938815805640331774,https://pbs.twimg.com/media/GugOq6mXcAA0ZzK.jpg,,in,,0,0,0,https://x.com/undefined/status/1938815805640331774,1621390110947434498,
1938809668442431869,Sat Jun 28 04:00:20 +0000 2025,0,6 Orang Terjaring OTT KPK di Mandailing Natal Terkait Dugaan Korupsi PUPR Sumut https://t.co/5NDo3RM76f https://t.co/1CXsvouXfo,1938809668442431869,https://pbs.twimg.com/media/GugJHmdXgAAd_1m.jpg,,in,,0,0,0,https://x.com/undefined/status/1938809668442431869,1900557517492715520,
1938803970174263723,Sat Jun 28 03:37:42 +0000 2025,0,Video: Ahmad Muzani Bicara Usai KPK Usut Dugaan Korupsi di MPR https://t.co/KdJfQl88c0,1938803970174263723,,,in,,0,0,0,https://x.com/undefined/status/1938803970174263723,1931354111045517312,
1938803271931744387,Sat Jun 28 03:34:55 +0000 2025,0,Komintmen Anti Korupsi - Gubernur Aceh https://t.co/oSftwBtuqG https://t.co/gAyPZKH8Or,1938803271931744387,https://pbs.twimg.com/media/GugDRj6aoAEMfM0.jpg,,in,,0,1,0,https://x.com/undefined/status/1938803271931744387,1120138604548747265,
1938793032494784843,Sat Jun 28 02:54:14 +0000 2025,2,Korupsi Pembangunan Jalan di Dinas PUPR Madina Sebanyak 6 Orang di-OTT KPK! https://t.co/51MFiZW8fd,1938793032494784843,,,in,,0,1,0,https://x.com/undefined/status/1938793032494784843,1895311523448528903,
1938428542955733262,Sat Jun 28 02:20:16 +0000 2025,0,@Ary_PrasKe2 @Anak__Ogi @AntoniusCDN @HarryPattyRM00 @jhonsitorus_19 @newIding30 @NgkongRoses @sami86pilang Gue baru apreasi pemimpin bangsa ini siapa pun itu kalo caranya melawan korupsi yang seperti yang dilakukan pemerintahan China. Kalo gak ya sama aja cuma omon omon,1938784485631500593,,Ary_PrasKe2,in,,0,0,0,https://x.com/undefined/status/1938784485631500593,1965092424,
1938783574116946271,Sat Jun 28 02:16:39 +0000 2025,1,Di Jombang Khofifah Sampaikan Siap Dipanggil KPK Meski Sempat Tertunda #politik #korupsi #korupsidanahibahpokmas #APBDPemprovJatim #GubernurJatim #Khofifah #KPK @KPK_RI @JatimPemprov https://t.co/bQO2B6Puk1,1938783574116946271,,,in,,0,0,0,https://x.com/undefined/status/1938783574116946271,1226400848080539650,
1938778536732697004,Sat Jun 28 01:56:38 +0000 2025,0,https://t.co/wbaqFEITVj,1938778536732697004,,,zxx,,0,0,0,https://x.com/undefined/status/1938778536732697004,1439855965004701696,
1938778134683492798,Sat Jun 28 01:55:02 +0000 2025,0,Klarifikasi Ustaz Khalid Basalamah Dipanggil KPK Soal Korupsi Kuota Haji https://t.co/sTidNUF5E1,1938778134683492798,,,in,,0,0,0,https://x.com/undefined/status/1938778134683492798,1929247831094951936,
1938776689779347588,Sat Jun 28 01:49:18 +0000 2025,12,Ketika Israel bersatu menghadapi persoalan luar negeri itu bukan berarti luput dari persoalan dlm negeri. Benjamin Netanyahu baru saja menghadapi tuntutan dgn kasus dugaan korupsi. Trump menelpon jaksa Israel utk menangguhkan tuntutan terhadap Netanyahu. Persahabatan sejati. https://t.co/HC8Rx1BzU0,1938776689779347588,https://pbs.twimg.com/media/GufrH18aoAILxny.jpg,,in,,1,5,3,https://x.com/undefined/status/1938776689779347588,1965092424,
1938773114332291452,Sat Jun 28 01:35:05 +0000 2025,0,Komisi Pemberantasan Korupsi (KPK) belum memberikan keterangan resmi terkait penyegelan sebuah bangunan yang diduga kantor kontraktor di Jalan Teratai Kelurahan Ujung Padang Kecamatan Padangsidimpuan Selatan Kota Padangsidimpuan pada Jumat (27/6/2025) https://t.co/bUQPe92156,1938773114332291452,,,in,,0,0,0,https://x.com/undefined/status/1938773114332291452,1728987951345065984,
1938771849518948788,Sat Jun 28 01:30:04 +0000 2025,0,Dugaan Korupsi Pengadaan EDC BRI Oknum Rekanannya Juga Tersandung di Kasus Pertamina https://t.co/zuxMIRWItI #BRI,1938771849518948788,,,in,,0,0,0,https://x.com/undefined/status/1938771849518948788,43799886,
1937733324342247812,Sat Jun 28 00:57:39 +0000 2025,0,@neohistoria_id jauh lebih mulia Syiah yang make the city affordable to all dibandingkan Suni yang korupsi haji dan membela eksploitasi alam ,1938763692696646035,,neohistoria_id,in,,0,1,0,https://x.com/undefined/status/1938763692696646035,41574619,
1938512767075647690,Sat Jun 28 00:49:53 +0000 2025,0,@_Haris_Srg @puanmaharani_ri @puanmaharani_ri kan sayang banget sama suaminya. Kalau suami tersayang dipenjara bertahun-tahun tersangkut korupsi BTS di @kemkominfo_id pasti sedihlah dia.,1938761736942952762,,_Haris_Srg,in,,0,0,0,https://x.com/undefined/status/1938761736942952762,757532891353980928,
1938755124928942384,Sat Jun 28 00:23:36 +0000 2025,0,KPK OTT Korupsi Proyek Jalan di Mandailing Natal Sumut 6 Orang Dibawa ke Jakarta https://t.co/HDcWCNK6BN,1938755124928942384,,,in,,0,0,0,https://x.com/undefined/status/1938755124928942384,573498219,
1938747388463628678,Fri Jun 27 23:52:52 +0000 2025,0,Lisa Mariana Tak Gentar Digugat Ridwan Kamil Rp105 M Malah Singgung soal Korupsi dan Tantang Balik https://t.co/2bAKBBTjKo https://t.co/CoUgxfuqDQ,1938747388463628678,https://pbs.twimg.com/media/GufQdXHXcAATRMH.jpg,,in,,0,0,0,https://x.com/undefined/status/1938747388463628678,1928640859546988547,
1938688087825228246,Fri Jun 27 19:57:13 +0000 2025,0,Presiden Prabowo Dapat Rapor Hijau Pemberantasan Korupsi https://t.co/1lLhdCSNVZ,1938688087825228246,,,in,,0,0,0,https://x.com/undefined/status/1938688087825228246,1238486702550728706,
1938082721563349189,Fri Jun 27 18:49:08 +0000 2025,0,@tukangngayalll @neohistoria_id Belanda membangun di kita bukan utk negara kita bang tapi tetap utk negara dan orang2 belanda sendiri.nasib kita ya tetap akan lebih berat ketimbang hari ini liat banyak yg pejabat kagak becus kerja&amp;korupsi...,1938670952960925882,,tukangngayalll,in,,0,1,0,https://x.com/undefined/status/1938670952960925882,1224205130616037376,
